UrzadzenieID,WersjaID,Aktywne,dataOstatniejModyfikacji,dataWygasniecia,UrzadzenieID,Szerokosc,Dlugosc,rTimeAggregate
0,0,False,09/07/2026 17:28:34,09/07/2026 17:28:34,0,49.25,23.51,-6.14
0,1,False,09/07/2026 17:28:34,09/07/2026 17:28:34,0,49.25,23.51,-6.14
0,2,False,09/07/2026 17:28:34,09/07/2026 17:28:34,0,49.25,23.51,-6.14
0,3,False,09/07/2026 17:28:34,09/07/2026 17:28:34,0,49.25,23.51,-6.14
0,4,False,09/07/2026 17:28:34,09/07/2026 17:28:34,0,49.25,23.51,-6.14
0,5,False,09/07/2026 17:28:34,09/07/2026 17:28:34,0,49.25,23.51,-6.14
0,6,False,09/07/2026 17:28:34,09/07/2026 17:28:34,0,49.25,23.51,-6.14
0,7,False,09/07/2026 17:28:34,09/07/2026 17:28:34,0,49.25,23.51,-6.14
0,8,False,09/07/2026 17:28:34,09/07/2026 17:28:34,0,49.25,23.51,-6.14
0,9,False,09/07/2026 17:28:34,09/07/2026 17:28:34,0,49.25,23.51,-6.14
0,10,False,09/07/2026 17:28:34,09/07/2026 17:28:34,0,49.25,23.51,-6.14
0,11,False,09/07/2026 17:28:34,09/07/2026 17:28:34,0,49.25,23.51,-6.14
0,12,False,09/07/2026 17:28:34,09/07/2026 17:28:35,0,49.25,23.51,-6.14
0,13,False,09/07/2026 17:28:35,09/07/2026 17:28:35,0,49.25,23.51,-6.14
0,14,False,09/07/2026 17:28:35,09/07/2026 17:28:36,0,49.25,23.51,-6.14
0,15,False,09/07/2026 17:28:36,09/07/2026 17:28:36,0,49.25,23.51,-6.14
0,16,False,09/07/2026 17:28:36,09/07/2026 17:28:38,0,49.25,23.51,-6.14
0,17,False,09/07/2026 17:28:38,09/07/2026 17:28:38,0,49.25,23.51,-6.14
0,18,False,09/07/2026 17:28:38,09/07/2026 17:28:39,0,49.25,23.51,-6.14
0,19,False,09/07/2026 17:28:39,09/07/2026 17:28:39,0,49.25,23.51,-6.14
0,20,False,09/07/2026 17:28:39,09/07/2026 17:28:41,0,49.25,23.51,-6.14
0,21,False,09/07/2026 17:28:41,09/07/2026 17:28:41,0,49.25,23.51,-6.14
0,22,False,09/07/2026 17:28:41,09/07/2026 17:28:43,0,49.25,23.51,-6.14
0,23,False,09/07/2026 17:28:43,09/07/2026 17:28:43,0,49.25,23.51,-6.14
0,24,False,09/07/2026 17:28:43,09/07/2026 17:28:46,0,49.25,23.51,-6.14
0,25,False,09/07/2026 17:28:46,09/07/2026 17:28:47,0,49.25,23.51,-6.14
0,26,True,09/07/2026 17:28:47,12/31/9999 23:59:59,0,49.25,23.51,-6.14
1,0,False,09/07/2026 17:28:34,09/07/2026 17:28:34,1,53.07,19.11,33.19
1,1,False,09/07/2026 17:28:34,09/07/2026 17:28:34,1,53.07,19.11,33.19
1,2,False,09/07/2026 17:28:34,09/07/2026 17:28:34,1,53.07,19.11,33.19
1,3,False,09/07/2026 17:28:34,09/07/2026 17:28:34,1,53.07,19.11,33.19
1,4,False,09/07/2026 17:28:34,09/07/2026 17:28:34,1,53.07,19.11,33.19
1,5,False,09/07/2026 17:28:34,09/07/2026 17:28:34,1,53.07,19.11,33.19
1,6,False,09/07/2026 17:28:34,09/07/2026 17:28:34,1,53.07,19.11,33.19
1,7,False,09/07/2026 17:28:34,09/07/2026 17:28:35,1,53.07,19.11,33.19
1,8,False,09/07/2026 17:28:35,09/07/2026 17:28:35,1,53.07,19.11,33.19
1,9,False,09/07/2026 17:28:35,09/07/2026 17:28:36,1,53.07,19.11,33.19
1,10,False,09/07/2026 17:28:36,09/07/2026 17:28:36,1,53.07,19.11,33.19
1,11,False,09/07/2026 17:28:36,09/07/2026 17:28:38,1,53.07,19.11,33.19
1,12,False,09/07/2026 17:28:38,09/07/2026 17:28:38,1,53.07,19.11,33.19
1,13,False,09/07/2026 17:28:38,09/07/2026 17:28:39,1,53.07,19.11,33.19
1,14,False,09/07/2026 17:28:39,09/07/2026 17:28:39,1,53.07,19.11,33.19
1,15,False,09/07/2026 17:28:39,09/07/2026 17:28:41,1,53.07,19.11,33.19
1,16,False,09/07/2026 17:28:41,09/07/2026 17:28:41,1,53.07,19.11,33.19
1,17,False,09/07/2026 17:28:41,09/07/2026 17:28:43,1,53.07,19.11,33.19
1,18,False,09/07/2026 17:28:43,09/07/2026 17:28:43,1,53.07,19.11,33.19
1,19,False,09/07/2026 17:28:43,09/07/2026 17:28:46,1,53.07,19.11,33.19
1,20,False,09/07/2026 17:28:46,09/07/2026 17:28:47,1,53.07,19.11,33.19
1,21,True,09/07/2026 17:28:47,12/31/9999 23:59:59,1,53.07,19.11,33.19
2,0,False,09/07/2026 17:28:34,09/07/2026 17:28:34,2,49.03,22.45,-25.39
2,1,False,09/07/2026 17:28:34,09/07/2026 17:28:34,2,49.03,22.45,-25.39
2,2,False,09/07/2026 17:28:34,09/07/2026 17:28:34,2,49.03,22.45,-25.39
2,3,False,09/07/2026 17:28:34,09/07/2026 17:28:34,2,49.03,22.45,-25.39
2,4,False,09/07/2026 17:28:34,09/07/2026 17:28:34,2,49.03,22.45,-25.39
2,5,False,09/07/2026 17:28:34,09/07/2026 17:28:34,2,49.03,22.45,-25.39
2,6,False,09/07/2026 17:28:34,09/07/2026 17:28:34,2,49.03,22.45,-25.39
2,7,False,09/07/2026 17:28:34,09/07/2026 17:28:35,2,49.03,22.45,-25.39
2,8,False,09/07/2026 17:28:35,09/07/2026 17:28:35,2,49.03,22.45,-25.39
2,9,False,09/07/2026 17:28:35,09/07/2026 17:28:36,2,49.03,22.45,-25.39
2,10,False,09/07/2026 17:28:36,09/07/2026 17:28:36,2,49.03,22.45,-25.39
2,11,False,09/07/2026 17:28:36,09/07/2026 17:28:38,2,49.03,22.45,-25.39
2,12,False,09/07/2026 17:28:38,09/07/2026 17:28:38,2,49.03,22.45,-25.39
2,13,False,09/07/2026 17:28:38,09/07/2026 17:28:39,2,49.03,22.45,-25.39
2,14,False,09/07/2026 17:28:39,09/07/2026 17:28:39,2,49.03,22.45,-25.39
2,15,False,09/07/2026 17:28:39,09/07/2026 17:28:41,2,49.03,22.45,-25.39
2,16,False,09/07/2026 17:28:41,09/07/2026 17:28:41,2,49.03,22.45,-25.39
2,17,False,09/07/2026 17:28:41,09/07/2026 17:28:43,2,49.03,22.45,-25.39
2,18,False,09/07/2026 17:28:43,09/07/2026 17:28:43,2,49.03,22.45,-25.39
2,19,False,09/07/2026 17:28:43,09/07/2026 17:28:46,2,49.03,22.45,-25.39
2,20,False,09/07/2026 17:28:46,09/07/2026 17:28:47,2,49.03,22.45,-25.39
2,21,True,09/07/2026 17:28:47,12/31/9999 23:59:59,2,49.03,22.45,-25.39
3,0,False,09/07/2026 17:28:34,09/07/2026 17:28:34,3,49.40,16.09,-8.62
3,1,False,09/07/2026 17:28:34,09/07/2026 17:28:34,3,49.40,16.09,-8.62
3,2,False,09/07/2026 17:28:34,09/07/2026 17:28:34,3,49.40,16.09,-8.62
3,3,False,09/07/2026 17:28:34,09/07/2026 17:28:34,3,49.40,16.09,-8.62
3,4,False,09/07/2026 17:28:34,09/07/2026 17:28:34,3,49.40,16.09,-8.62
3,5,False,09/07/2026 17:28:34,09/07/2026 17:28:34,3,49.40,16.09,-8.62
3,6,False,09/07/2026 17:28:34,09/07/2026 17:28:34,3,49.40,16.09,-8.62
3,7,False,09/07/2026 17:28:34,09/07/2026 17:28:34,3,49.40,16.09,-8.62
3,8,False,09/07/2026 17:28:34,09/07/2026 17:28:34,3,49.40,16.09,-8.62
3,9,False,09/07/2026 17:28:34,09/07/2026 17:28:34,3,49.40,16.09,-8.62
3,10,False,09/07/2026 17:28:34,09/07/2026 17:28:34,3,49.40,16.09,-8.62
3,11,False,09/07/2026 17:28:34,09/07/2026 17:28:34,3,49.40,16.09,-8.62
3,12,False,09/07/2026 17:28:34,09/07/2026 17:28:35,3,49.40,16.09,-8.62
3,13,False,09/07/2026 17:28:35,09/07/2026 17:28:35,3,49.40,16.09,-8.62
3,14,False,09/07/2026 17:28:35,09/07/2026 17:28:35,3,49.40,16.09,-8.62
3,15,False,09/07/2026 17:28:35,09/07/2026 17:28:35,3,49.40,16.09,-8.62
3,16,False,09/07/2026 17:28:35,09/07/2026 17:28:36,3,49.40,16.09,-8.62
3,17,False,09/07/2026 17:28:36,09/07/2026 17:28:36,3,49.40,16.09,-8.62
3,18,False,09/07/2026 17:28:36,09/07/2026 17:28:36,3,49.40,16.09,-8.62
3,19,False,09/07/2026 17:28:36,09/07/2026 17:28:38,3,49.40,16.09,-8.62
3,20,False,09/07/2026 17:28:38,09/07/2026 17:28:38,3,49.40,16.09,-8.62
3,21,False,09/07/2026 17:28:38,09/07/2026 17:28:38,3,49.40,16.09,-8.62
3,22,False,09/07/2026 17:28:38,09/07/2026 17:28:39,3,49.40,16.09,-8.62
3,23,False,09/07/2026 17:28:39,09/07/2026 17:28:39,3,49.40,16.09,-8.62
3,24,False,09/07/2026 17:28:39,09/07/2026 17:28:39,3,49.40,16.09,-8.62
3,25,False,09/07/2026 17:28:39,09/07/2026 17:28:41,3,49.40,16.09,-8.62
3,26,False,09/07/2026 17:28:41,09/07/2026 17:28:41,3,49.40,16.09,-8.62
3,27,False,09/07/2026 17:28:41,09/07/2026 17:28:41,3,49.40,16.09,-8.62
3,28,False,09/07/2026 17:28:41,09/07/2026 17:28:43,3,49.40,16.09,-8.62
3,29,False,09/07/2026 17:28:43,09/07/2026 17:28:43,3,49.40,16.09,-8.62
3,30,False,09/07/2026 17:28:43,09/07/2026 17:28:43,3,49.40,16.09,-8.62
3,31,False,09/07/2026 17:28:43,09/07/2026 17:28:46,3,49.40,16.09,-8.62
3,32,False,09/07/2026 17:28:46,09/07/2026 17:28:47,3,49.40,16.09,-8.62
3,33,False,09/07/2026 17:28:47,09/07/2026 17:28:47,3,49.40,16.09,-8.62
3,34,True,09/07/2026 17:28:47,12/31/9999 23:59:59,3,49.40,16.09,-8.62
4,0,False,09/07/2026 17:28:34,09/07/2026 17:28:34,4,50.11,14.27,7.51
4,1,False,09/07/2026 17:28:34,09/07/2026 17:28:34,4,50.11,14.27,7.51
4,2,False,09/07/2026 17:28:34,09/07/2026 17:28:34,4,50.11,14.27,7.51
4,3,False,09/07/2026 17:28:34,09/07/2026 17:28:34,4,50.11,14.27,7.51
4,4,False,09/07/2026 17:28:34,09/07/2026 17:28:34,4,50.11,14.27,7.51
4,5,False,09/07/2026 17:28:34,09/07/2026 17:28:34,4,50.11,14.27,7.51
4,6,False,09/07/2026 17:28:34,09/07/2026 17:28:35,4,50.11,14.27,7.51
4,7,False,09/07/2026 17:28:35,09/07/2026 17:28:35,4,50.11,14.27,7.51
4,8,False,09/07/2026 17:28:35,09/07/2026 17:28:35,4,50.11,14.27,7.51
4,9,False,09/07/2026 17:28:35,09/07/2026 17:28:35,4,50.11,14.27,7.51
4,10,False,09/07/2026 17:28:35,09/07/2026 17:28:36,4,50.11,14.27,7.51
4,11,False,09/07/2026 17:28:36,09/07/2026 17:28:36,4,50.11,14.27,7.51
4,12,False,09/07/2026 17:28:36,09/07/2026 17:28:36,4,50.11,14.27,7.51
4,13,False,09/07/2026 17:28:36,09/07/2026 17:28:38,4,50.11,14.27,7.51
4,14,False,09/07/2026 17:28:38,09/07/2026 17:28:38,4,50.11,14.27,7.51
4,15,False,09/07/2026 17:28:38,09/07/2026 17:28:38,4,50.11,14.27,7.51
4,16,False,09/07/2026 17:28:38,09/07/2026 17:28:39,4,50.11,14.27,7.51
4,17,False,09/07/2026 17:28:39,09/07/2026 17:28:39,4,50.11,14.27,7.51
4,18,False,09/07/2026 17:28:39,09/07/2026 17:28:39,4,50.11,14.27,7.51
4,19,False,09/07/2026 17:28:39,09/07/2026 17:28:41,4,50.11,14.27,7.51
4,20,False,09/07/2026 17:28:41,09/07/2026 17:28:41,4,50.11,14.27,7.51
4,21,False,09/07/2026 17:28:41,09/07/2026 17:28:41,4,50.11,14.27,7.51
4,22,False,09/07/2026 17:28:41,09/07/2026 17:28:43,4,50.11,14.27,7.51
4,23,False,09/07/2026 17:28:43,09/07/2026 17:28:43,4,50.11,14.27,7.51
4,24,False,09/07/2026 17:28:43,09/07/2026 17:28:43,4,50.11,14.27,7.51
4,25,False,09/07/2026 17:28:43,09/07/2026 17:28:46,4,50.11,14.27,7.51
4,26,False,09/07/2026 17:28:46,09/07/2026 17:28:47,4,50.11,14.27,7.51
4,27,False,09/07/2026 17:28:47,09/07/2026 17:28:47,4,50.11,14.27,7.51
4,28,True,09/07/2026 17:28:47,12/31/9999 23:59:59,4,50.11,14.27,7.51
5,0,False,09/07/2026 17:28:34,09/07/2026 17:28:34,5,49.58,23.17,-6.35
5,1,False,09/07/2026 17:28:34,09/07/2026 17:28:34,5,49.58,23.17,-6.35
5,2,False,09/07/2026 17:28:34,09/07/2026 17:28:34,5,49.58,23.17,-6.35
5,3,False,09/07/2026 17:28:34,09/07/2026 17:28:34,5,49.58,23.17,-6.35
5,4,False,09/07/2026 17:28:34,09/07/2026 17:28:34,5,49.58,23.17,-6.35
5,5,False,09/07/2026 17:28:34,09/07/2026 17:28:34,5,49.58,23.17,-6.35
5,6,False,09/07/2026 17:28:35,09/07/2026 17:28:35,5,49.58,23.17,-6.35
5,7,False,09/07/2026 17:28:35,09/07/2026 17:28:35,5,49.58,23.17,-6.35
5,8,False,09/07/2026 17:28:35,09/07/2026 17:28:35,5,49.58,23.17,-6.35
5,9,False,09/07/2026 17:28:35,09/07/2026 17:28:35,5,49.58,23.17,-6.35
5,10,False,09/07/2026 17:28:35,09/07/2026 17:28:36,5,49.58,23.17,-6.35
5,11,False,09/07/2026 17:28:36,09/07/2026 17:28:36,5,49.58,23.17,-6.35
5,12,False,09/07/2026 17:28:36,09/07/2026 17:28:36,5,49.58,23.17,-6.35
5,13,False,09/07/2026 17:28:36,09/07/2026 17:28:38,5,49.58,23.17,-6.35
5,14,False,09/07/2026 17:28:38,09/07/2026 17:28:38,5,49.58,23.17,-6.35
5,15,False,09/07/2026 17:28:38,09/07/2026 17:28:38,5,49.58,23.17,-6.35
5,16,False,09/07/2026 17:28:38,09/07/2026 17:28:39,5,49.58,23.17,-6.35
5,17,False,09/07/2026 17:28:39,09/07/2026 17:28:39,5,49.58,23.17,-6.35
5,18,False,09/07/2026 17:28:39,09/07/2026 17:28:39,5,49.58,23.17,-6.35
5,19,False,09/07/2026 17:28:39,09/07/2026 17:28:41,5,49.58,23.17,-6.35
5,20,False,09/07/2026 17:28:41,09/07/2026 17:28:41,5,49.58,23.17,-6.35
5,21,False,09/07/2026 17:28:41,09/07/2026 17:28:41,5,49.58,23.17,-6.35
5,22,False,09/07/2026 17:28:41,09/07/2026 17:28:43,5,49.58,23.17,-6.35
5,23,False,09/07/2026 17:28:43,09/07/2026 17:28:43,5,49.58,23.17,-6.35
5,24,False,09/07/2026 17:28:43,09/07/2026 17:28:43,5,49.58,23.17,-6.35
5,25,False,09/07/2026 17:28:43,09/07/2026 17:28:46,5,49.58,23.17,-6.35
5,26,False,09/07/2026 17:28:46,09/07/2026 17:28:47,5,49.58,23.17,-6.35
5,27,False,09/07/2026 17:28:47,09/07/2026 17:28:47,5,49.58,23.17,-6.35
5,28,True,09/07/2026 17:28:47,12/31/9999 23:59:59,5,49.58,23.17,-6.35
6,0,False,09/07/2026 17:28:34,09/07/2026 17:28:34,6,52.56,15.39,-1.55
6,1,False,09/07/2026 17:28:34,09/07/2026 17:28:34,6,52.56,15.39,-1.55
6,2,False,09/07/2026 17:28:34,09/07/2026 17:28:34,6,52.56,15.39,-1.55
6,3,False,09/07/2026 17:28:34,09/07/2026 17:28:34,6,52.56,15.39,-1.55
6,4,False,09/07/2026 17:28:34,09/07/2026 17:28:34,6,52.56,15.39,-1.55
6,5,False,09/07/2026 17:28:34,09/07/2026 17:28:34,6,52.56,15.39,-1.55
6,6,False,09/07/2026 17:28:34,09/07/2026 17:28:34,6,52.56,15.39,-1.55
6,7,False,09/07/2026 17:28:34,09/07/2026 17:28:35,6,52.56,15.39,-1.55
6,8,False,09/07/2026 17:28:35,09/07/2026 17:28:35,6,52.56,15.39,-1.55
6,9,False,09/07/2026 17:28:35,09/07/2026 17:28:35,6,52.56,15.39,-1.55
6,10,False,09/07/2026 17:28:35,09/07/2026 17:28:35,6,52.56,15.39,-1.55
6,11,False,09/07/2026 17:28:35,09/07/2026 17:28:35,6,52.56,15.39,-1.55
6,12,False,09/07/2026 17:28:35,09/07/2026 17:28:35,6,52.56,15.39,-1.55
6,13,False,09/07/2026 17:28:35,09/07/2026 17:28:35,6,52.56,15.39,-1.55
6,14,False,09/07/2026 17:28:35,09/07/2026 17:28:36,6,52.56,15.39,-1.55
6,15,False,09/07/2026 17:28:36,09/07/2026 17:28:36,6,52.56,15.39,-1.55
6,16,False,09/07/2026 17:28:36,09/07/2026 17:28:36,6,52.56,15.39,-1.55
6,17,False,09/07/2026 17:28:36,09/07/2026 17:28:38,6,52.56,15.39,-1.55
6,18,False,09/07/2026 17:28:38,09/07/2026 17:28:38,6,52.56,15.39,-1.55
6,19,False,09/07/2026 17:28:38,09/07/2026 17:28:38,6,52.56,15.39,-1.55
6,20,False,09/07/2026 17:28:38,09/07/2026 17:28:39,6,52.56,15.39,-1.55
6,21,False,09/07/2026 17:28:39,09/07/2026 17:28:39,6,52.56,15.39,-1.55
6,22,False,09/07/2026 17:28:39,09/07/2026 17:28:39,6,52.56,15.39,-1.55
6,23,False,09/07/2026 17:28:39,09/07/2026 17:28:41,6,52.56,15.39,-1.55
6,24,False,09/07/2026 17:28:41,09/07/2026 17:28:41,6,52.56,15.39,-1.55
6,25,False,09/07/2026 17:28:41,09/07/2026 17:28:41,6,52.56,15.39,-1.55
6,26,False,09/07/2026 17:28:41,09/07/2026 17:28:43,6,52.56,15.39,-1.55
6,27,False,09/07/2026 17:28:43,09/07/2026 17:28:43,6,52.56,15.39,-1.55
6,28,False,09/07/2026 17:28:43,09/07/2026 17:28:43,6,52.56,15.39,-1.55
6,29,False,09/07/2026 17:28:43,09/07/2026 17:28:46,6,52.56,15.39,-1.55
6,30,False,09/07/2026 17:28:46,09/07/2026 17:28:47,6,52.56,15.39,-1.55
6,31,False,09/07/2026 17:28:47,09/07/2026 17:28:47,6,52.56,15.39,-1.55
6,32,True,09/07/2026 17:28:47,12/31/9999 23:59:59,6,52.56,15.39,-1.55
7,0,False,09/07/2026 17:28:34,09/07/2026 17:28:34,7,53.08,17.10,-4.04
7,1,False,09/07/2026 17:28:34,09/07/2026 17:28:34,7,53.08,17.10,-4.04
7,2,False,09/07/2026 17:28:34,09/07/2026 17:28:34,7,53.08,17.10,-4.04
7,3,False,09/07/2026 17:28:34,09/07/2026 17:28:34,7,53.08,17.10,-4.04
7,4,False,09/07/2026 17:28:34,09/07/2026 17:28:34,7,53.08,17.10,-4.04
7,5,False,09/07/2026 17:28:34,09/07/2026 17:28:34,7,53.08,17.10,-4.04
7,6,False,09/07/2026 17:28:34,09/07/2026 17:28:34,7,53.08,17.10,-4.04
7,7,False,09/07/2026 17:28:34,09/07/2026 17:28:35,7,53.08,17.10,-4.04
7,8,False,09/07/2026 17:28:35,09/07/2026 17:28:35,7,53.08,17.10,-4.04
7,9,False,09/07/2026 17:28:35,09/07/2026 17:28:35,7,53.08,17.10,-4.04
7,10,False,09/07/2026 17:28:35,09/07/2026 17:28:35,7,53.08,17.10,-4.04
7,11,False,09/07/2026 17:28:35,09/07/2026 17:28:35,7,53.08,17.10,-4.04
7,12,False,09/07/2026 17:28:35,09/07/2026 17:28:35,7,53.08,17.10,-4.04
7,13,False,09/07/2026 17:28:35,09/07/2026 17:28:35,7,53.08,17.10,-4.04
7,14,False,09/07/2026 17:28:35,09/07/2026 17:28:36,7,53.08,17.10,-4.04
7,15,False,09/07/2026 17:28:36,09/07/2026 17:28:36,7,53.08,17.10,-4.04
7,16,False,09/07/2026 17:28:36,09/07/2026 17:28:36,7,53.08,17.10,-4.04
7,17,False,09/07/2026 17:28:36,09/07/2026 17:28:38,7,53.08,17.10,-4.04
7,18,False,09/07/2026 17:28:38,09/07/2026 17:28:38,7,53.08,17.10,-4.04
7,19,False,09/07/2026 17:28:38,09/07/2026 17:28:38,7,53.08,17.10,-4.04
7,20,False,09/07/2026 17:28:38,09/07/2026 17:28:39,7,53.08,17.10,-4.04
7,21,False,09/07/2026 17:28:39,09/07/2026 17:28:39,7,53.08,17.10,-4.04
7,22,False,09/07/2026 17:28:39,09/07/2026 17:28:39,7,53.08,17.10,-4.04
7,23,False,09/07/2026 17:28:39,09/07/2026 17:28:41,7,53.08,17.10,-4.04
7,24,False,09/07/2026 17:28:41,09/07/2026 17:28:41,7,53.08,17.10,-4.04
7,25,False,09/07/2026 17:28:41,09/07/2026 17:28:41,7,53.08,17.10,-4.04
7,26,False,09/07/2026 17:28:41,09/07/2026 17:28:43,7,53.08,17.10,-4.04
7,27,False,09/07/2026 17:28:43,09/07/2026 17:28:43,7,53.08,17.10,-4.04
7,28,False,09/07/2026 17:28:43,09/07/2026 17:28:43,7,53.08,17.10,-4.04
7,29,False,09/07/2026 17:28:43,09/07/2026 17:28:46,7,53.08,17.10,-4.04
7,30,False,09/07/2026 17:28:46,09/07/2026 17:28:47,7,53.08,17.10,-4.04
7,31,False,09/07/2026 17:28:47,09/07/2026 17:28:47,7,53.08,17.10,-4.04
7,32,True,09/07/2026 17:28:47,12/31/9999 23:59:59,7,53.08,17.10,-4.04
8,0,False,09/07/2026 17:28:34,09/07/2026 17:28:34,8,51.04,21.12,24.15
8,1,False,09/07/2026 17:28:34,09/07/2026 17:28:34,8,51.04,21.12,24.15
8,2,False,09/07/2026 17:28:34,09/07/2026 17:28:34,8,51.04,21.12,24.15
8,3,False,09/07/2026 17:28:34,09/07/2026 17:28:34,8,51.04,21.12,24.15
8,4,False,09/07/2026 17:28:34,09/07/2026 17:28:35,8,51.04,21.12,24.15
8,5,False,09/07/2026 17:28:35,09/07/2026 17:28:35,8,51.04,21.12,24.15
8,6,False,09/07/2026 17:28:35,09/07/2026 17:28:35,8,51.04,21.12,24.15
8,7,False,09/07/2026 17:28:35,09/07/2026 17:28:35,8,51.04,21.12,24.15
8,8,False,09/07/2026 17:28:35,09/07/2026 17:28:35,8,51.04,21.12,24.15
8,9,False,09/07/2026 17:28:35,09/07/2026 17:28:35,8,51.04,21.12,24.15
8,10,False,09/07/2026 17:28:35,09/07/2026 17:28:35,8,51.04,21.12,24.15
8,11,False,09/07/2026 17:28:35,09/07/2026 17:28:36,8,51.04,21.12,24.15
8,12,False,09/07/2026 17:28:36,09/07/2026 17:28:36,8,51.04,21.12,24.15
8,13,False,09/07/2026 17:28:36,09/07/2026 17:28:36,8,51.04,21.12,24.15
8,14,False,09/07/2026 17:28:36,09/07/2026 17:28:38,8,51.04,21.12,24.15
8,15,False,09/07/2026 17:28:38,09/07/2026 17:28:38,8,51.04,21.12,24.15
8,16,False,09/07/2026 17:28:38,09/07/2026 17:28:38,8,51.04,21.12,24.15
8,17,False,09/07/2026 17:28:38,09/07/2026 17:28:39,8,51.04,21.12,24.15
8,18,False,09/07/2026 17:28:39,09/07/2026 17:28:39,8,51.04,21.12,24.15
8,19,False,09/07/2026 17:28:39,09/07/2026 17:28:40,8,51.04,21.12,24.15
8,20,False,09/07/2026 17:28:40,09/07/2026 17:28:41,8,51.04,21.12,24.15
8,21,False,09/07/2026 17:28:41,09/07/2026 17:28:41,8,51.04,21.12,24.15
8,22,False,09/07/2026 17:28:41,09/07/2026 17:28:41,8,51.04,21.12,24.15
8,23,False,09/07/2026 17:28:41,09/07/2026 17:28:43,8,51.04,21.12,24.15
8,24,False,09/07/2026 17:28:43,09/07/2026 17:28:43,8,51.04,21.12,24.15
8,25,False,09/07/2026 17:28:43,09/07/2026 17:28:43,8,51.04,21.12,24.15
8,26,False,09/07/2026 17:28:43,09/07/2026 17:28:46,8,51.04,21.12,24.15
8,27,False,09/07/2026 17:28:46,09/07/2026 17:28:47,8,51.04,21.12,24.15
8,28,False,09/07/2026 17:28:47,09/07/2026 17:28:47,8,51.04,21.12,24.15
8,29,True,09/07/2026 17:28:47,12/31/9999 23:59:59,8,51.04,21.12,24.15
9,0,False,09/07/2026 17:28:34,09/07/2026 17:28:34,9,49.57,14.14,-14.75
9,1,False,09/07/2026 17:28:34,09/07/2026 17:28:34,9,49.57,14.14,-14.75
9,2,False,09/07/2026 17:28:34,09/07/2026 17:28:34,9,49.57,14.14,-14.75
9,3,False,09/07/2026 17:28:34,09/07/2026 17:28:34,9,49.57,14.14,-14.75
9,4,False,09/07/2026 17:28:34,09/07/2026 17:28:34,9,49.57,14.14,-14.75
9,5,False,09/07/2026 17:28:34,09/07/2026 17:28:34,9,49.57,14.14,-14.75
9,6,False,09/07/2026 17:28:34,09/07/2026 17:28:34,9,49.57,14.14,-14.75
9,7,False,09/07/2026 17:28:34,09/07/2026 17:28:35,9,49.57,14.14,-14.75
9,8,False,09/07/2026 17:28:35,09/07/2026 17:28:35,9,49.57,14.14,-14.75
9,9,False,09/07/2026 17:28:35,09/07/2026 17:28:35,9,49.57,14.14,-14.75
9,10,False,09/07/2026 17:28:35,09/07/2026 17:28:35,9,49.57,14.14,-14.75
9,11,False,09/07/2026 17:28:35,09/07/2026 17:28:35,9,49.57,14.14,-14.75
9,12,False,09/07/2026 17:28:35,09/07/2026 17:28:35,9,49.57,14.14,-14.75
9,13,False,09/07/2026 17:28:35,09/07/2026 17:28:35,9,49.57,14.14,-14.75
9,14,False,09/07/2026 17:28:35,09/07/2026 17:28:36,9,49.57,14.14,-14.75
9,15,False,09/07/2026 17:28:36,09/07/2026 17:28:36,9,49.57,14.14,-14.75
9,16,False,09/07/2026 17:28:36,09/07/2026 17:28:36,9,49.57,14.14,-14.75
9,17,False,09/07/2026 17:28:36,09/07/2026 17:28:38,9,49.57,14.14,-14.75
9,18,False,09/07/2026 17:28:38,09/07/2026 17:28:38,9,49.57,14.14,-14.75
9,19,False,09/07/2026 17:28:38,09/07/2026 17:28:38,9,49.57,14.14,-14.75
9,20,False,09/07/2026 17:28:38,09/07/2026 17:28:39,9,49.57,14.14,-14.75
9,21,False,09/07/2026 17:28:39,09/07/2026 17:28:40,9,49.57,14.14,-14.75
9,22,False,09/07/2026 17:28:40,09/07/2026 17:28:40,9,49.57,14.14,-14.75
9,23,False,09/07/2026 17:28:40,09/07/2026 17:28:41,9,49.57,14.14,-14.75
9,24,False,09/07/2026 17:28:41,09/07/2026 17:28:41,9,49.57,14.14,-14.75
9,25,False,09/07/2026 17:28:41,09/07/2026 17:28:41,9,49.57,14.14,-14.75
9,26,False,09/07/2026 17:28:41,09/07/2026 17:28:43,9,49.57,14.14,-14.75
9,27,False,09/07/2026 17:28:43,09/07/2026 17:28:43,9,49.57,14.14,-14.75
9,28,False,09/07/2026 17:28:43,09/07/2026 17:28:43,9,49.57,14.14,-14.75
9,29,False,09/07/2026 17:28:43,09/07/2026 17:28:46,9,49.57,14.14,-14.75
9,30,False,09/07/2026 17:28:46,09/07/2026 17:28:47,9,49.57,14.14,-14.75
9,31,False,09/07/2026 17:28:47,09/07/2026 17:28:47,9,49.57,14.14,-14.75
9,32,True,09/07/2026 17:28:47,12/31/9999 23:59:59,9,49.57,14.14,-14.75
10,0,False,09/07/2026 17:28:35,09/07/2026 17:28:35,10,53.55,17.29,16.48
10,1,False,09/07/2026 17:28:35,09/07/2026 17:28:35,10,53.55,17.29,16.48
10,2,False,09/07/2026 17:28:35,09/07/2026 17:28:35,10,53.55,17.29,16.48
10,3,False,09/07/2026 17:28:35,09/07/2026 17:28:35,10,53.55,17.29,16.48
10,4,False,09/07/2026 17:28:35,09/07/2026 17:28:35,10,53.55,17.29,16.48
10,5,False,09/07/2026 17:28:35,09/07/2026 17:28:35,10,53.55,17.29,16.48
10,6,False,09/07/2026 17:28:35,09/07/2026 17:28:35,10,53.55,17.29,16.48
10,7,False,09/07/2026 17:28:35,09/07/2026 17:28:35,10,53.55,17.29,16.48
10,8,False,09/07/2026 17:28:35,09/07/2026 17:28:35,10,53.55,17.29,16.48
10,9,False,09/07/2026 17:28:35,09/07/2026 17:28:36,10,53.55,17.29,16.48
10,10,False,09/07/2026 17:28:36,09/07/2026 17:28:36,10,53.55,17.29,16.48
10,11,False,09/07/2026 17:28:36,09/07/2026 17:28:36,10,53.55,17.29,16.48
10,12,False,09/07/2026 17:28:36,09/07/2026 17:28:38,10,53.55,17.29,16.48
10,13,False,09/07/2026 17:28:38,09/07/2026 17:28:38,10,53.55,17.29,16.48
10,14,False,09/07/2026 17:28:38,09/07/2026 17:28:38,10,53.55,17.29,16.48
10,15,False,09/07/2026 17:28:38,09/07/2026 17:28:39,10,53.55,17.29,16.48
10,16,False,09/07/2026 17:28:39,09/07/2026 17:28:40,10,53.55,17.29,16.48
10,17,False,09/07/2026 17:28:40,09/07/2026 17:28:40,10,53.55,17.29,16.48
10,18,False,09/07/2026 17:28:40,09/07/2026 17:28:41,10,53.55,17.29,16.48
10,19,False,09/07/2026 17:28:41,09/07/2026 17:28:41,10,53.55,17.29,16.48
10,20,False,09/07/2026 17:28:41,09/07/2026 17:28:41,10,53.55,17.29,16.48
10,21,False,09/07/2026 17:28:41,09/07/2026 17:28:43,10,53.55,17.29,16.48
10,22,False,09/07/2026 17:28:43,09/07/2026 17:28:43,10,53.55,17.29,16.48
10,23,False,09/07/2026 17:28:43,09/07/2026 17:28:43,10,53.55,17.29,16.48
10,24,False,09/07/2026 17:28:43,09/07/2026 17:28:46,10,53.55,17.29,16.48
10,25,False,09/07/2026 17:28:46,09/07/2026 17:28:47,10,53.55,17.29,16.48
10,26,False,09/07/2026 17:28:47,09/07/2026 17:28:47,10,53.55,17.29,16.48
10,27,True,09/07/2026 17:28:47,12/31/9999 23:59:59,10,53.55,17.29,16.48
11,0,False,09/07/2026 17:28:35,09/07/2026 17:28:35,11,52.31,16.18,-10.98
11,1,False,09/07/2026 17:28:35,09/07/2026 17:28:35,11,52.31,16.18,-10.98
11,2,False,09/07/2026 17:28:35,09/07/2026 17:28:35,11,52.31,16.18,-10.98
11,3,False,09/07/2026 17:28:35,09/07/2026 17:28:35,11,52.31,16.18,-10.98
11,4,False,09/07/2026 17:28:35,09/07/2026 17:28:35,11,52.31,16.18,-10.98
11,5,False,09/07/2026 17:28:35,09/07/2026 17:28:36,11,52.31,16.18,-10.98
11,6,False,09/07/2026 17:28:36,09/07/2026 17:28:36,11,52.31,16.18,-10.98
11,7,False,09/07/2026 17:28:36,09/07/2026 17:28:36,11,52.31,16.18,-10.98
11,8,False,09/07/2026 17:28:36,09/07/2026 17:28:38,11,52.31,16.18,-10.98
11,9,False,09/07/2026 17:28:38,09/07/2026 17:28:38,11,52.31,16.18,-10.98
11,10,False,09/07/2026 17:28:38,09/07/2026 17:28:38,11,52.31,16.18,-10.98
11,11,False,09/07/2026 17:28:38,09/07/2026 17:28:39,11,52.31,16.18,-10.98
11,12,False,09/07/2026 17:28:39,09/07/2026 17:28:40,11,52.31,16.18,-10.98
11,13,False,09/07/2026 17:28:40,09/07/2026 17:28:40,11,52.31,16.18,-10.98
11,14,False,09/07/2026 17:28:40,09/07/2026 17:28:41,11,52.31,16.18,-10.98
11,15,False,09/07/2026 17:28:41,09/07/2026 17:28:41,11,52.31,16.18,-10.98
11,16,False,09/07/2026 17:28:41,09/07/2026 17:28:41,11,52.31,16.18,-10.98
11,17,False,09/07/2026 17:28:41,09/07/2026 17:28:43,11,52.31,16.18,-10.98
11,18,False,09/07/2026 17:28:43,09/07/2026 17:28:43,11,52.31,16.18,-10.98
11,19,False,09/07/2026 17:28:43,09/07/2026 17:28:43,11,52.31,16.18,-10.98
11,20,False,09/07/2026 17:28:43,09/07/2026 17:28:46,11,52.31,16.18,-10.98
11,21,False,09/07/2026 17:28:46,09/07/2026 17:28:47,11,52.31,16.18,-10.98
11,22,False,09/07/2026 17:28:47,09/07/2026 17:28:47,11,52.31,16.18,-10.98
11,23,True,09/07/2026 17:28:47,12/31/9999 23:59:59,11,52.31,16.18,-10.98
12,0,False,09/07/2026 17:28:35,09/07/2026 17:28:35,12,52.00,14.27,23.64
12,1,False,09/07/2026 17:28:35,09/07/2026 17:28:35,12,52.00,14.27,23.64
12,2,False,09/07/2026 17:28:35,09/07/2026 17:28:35,12,52.00,14.27,23.64
12,3,False,09/07/2026 17:28:35,09/07/2026 17:28:35,12,52.00,14.27,23.64
12,4,False,09/07/2026 17:28:35,09/07/2026 17:28:35,12,52.00,14.27,23.64
12,5,False,09/07/2026 17:28:35,09/07/2026 17:28:35,12,52.00,14.27,23.64
12,6,False,09/07/2026 17:28:35,09/07/2026 17:28:35,12,52.00,14.27,23.64
12,7,False,09/07/2026 17:28:35,09/07/2026 17:28:35,12,52.00,14.27,23.64
12,8,False,09/07/2026 17:28:35,09/07/2026 17:28:35,12,52.00,14.27,23.64
12,9,False,09/07/2026 17:28:36,09/07/2026 17:28:36,12,52.00,14.27,23.64
12,10,False,09/07/2026 17:28:36,09/07/2026 17:28:36,12,52.00,14.27,23.64
12,11,False,09/07/2026 17:28:36,09/07/2026 17:28:36,12,52.00,14.27,23.64
12,12,False,09/07/2026 17:28:36,09/07/2026 17:28:38,12,52.00,14.27,23.64
12,13,False,09/07/2026 17:28:38,09/07/2026 17:28:38,12,52.00,14.27,23.64
12,14,False,09/07/2026 17:28:38,09/07/2026 17:28:38,12,52.00,14.27,23.64
12,15,False,09/07/2026 17:28:38,09/07/2026 17:28:39,12,52.00,14.27,23.64
12,16,False,09/07/2026 17:28:39,09/07/2026 17:28:40,12,52.00,14.27,23.64
12,17,False,09/07/2026 17:28:40,09/07/2026 17:28:40,12,52.00,14.27,23.64
12,18,False,09/07/2026 17:28:40,09/07/2026 17:28:41,12,52.00,14.27,23.64
12,19,False,09/07/2026 17:28:41,09/07/2026 17:28:41,12,52.00,14.27,23.64
12,20,False,09/07/2026 17:28:41,09/07/2026 17:28:41,12,52.00,14.27,23.64
12,21,False,09/07/2026 17:28:41,09/07/2026 17:28:43,12,52.00,14.27,23.64
12,22,False,09/07/2026 17:28:43,09/07/2026 17:28:43,12,52.00,14.27,23.64
12,23,False,09/07/2026 17:28:43,09/07/2026 17:28:43,12,52.00,14.27,23.64
12,24,False,09/07/2026 17:28:43,09/07/2026 17:28:46,12,52.00,14.27,23.64
12,25,False,09/07/2026 17:28:46,09/07/2026 17:28:47,12,52.00,14.27,23.64
12,26,False,09/07/2026 17:28:47,09/07/2026 17:28:47,12,52.00,14.27,23.64
12,27,True,09/07/2026 17:28:47,12/31/9999 23:59:59,12,52.00,14.27,23.64
13,0,False,09/07/2026 17:28:35,09/07/2026 17:28:35,13,49.36,16.11,-16.73
13,1,False,09/07/2026 17:28:35,09/07/2026 17:28:35,13,49.36,16.11,-16.73
13,2,False,09/07/2026 17:28:35,09/07/2026 17:28:35,13,49.36,16.11,-16.73
13,3,False,09/07/2026 17:28:35,09/07/2026 17:28:35,13,49.36,16.11,-16.73
13,4,False,09/07/2026 17:28:35,09/07/2026 17:28:35,13,49.36,16.11,-16.73
13,5,False,09/07/2026 17:28:35,09/07/2026 17:28:35,13,49.36,16.11,-16.73
13,6,False,09/07/2026 17:28:35,09/07/2026 17:28:35,13,49.36,16.11,-16.73
13,7,False,09/07/2026 17:28:35,09/07/2026 17:28:35,13,49.36,16.11,-16.73
13,8,False,09/07/2026 17:28:35,09/07/2026 17:28:35,13,49.36,16.11,-16.73
13,9,False,09/07/2026 17:28:35,09/07/2026 17:28:36,13,49.36,16.11,-16.73
13,10,False,09/07/2026 17:28:36,09/07/2026 17:28:36,13,49.36,16.11,-16.73
13,11,False,09/07/2026 17:28:36,09/07/2026 17:28:36,13,49.36,16.11,-16.73
13,12,False,09/07/2026 17:28:36,09/07/2026 17:28:36,13,49.36,16.11,-16.73
13,13,False,09/07/2026 17:28:37,09/07/2026 17:28:38,13,49.36,16.11,-16.73
13,14,False,09/07/2026 17:28:38,09/07/2026 17:28:38,13,49.36,16.11,-16.73
13,15,False,09/07/2026 17:28:38,09/07/2026 17:28:38,13,49.36,16.11,-16.73
13,16,False,09/07/2026 17:28:38,09/07/2026 17:28:39,13,49.36,16.11,-16.73
13,17,False,09/07/2026 17:28:39,09/07/2026 17:28:40,13,49.36,16.11,-16.73
13,18,False,09/07/2026 17:28:40,09/07/2026 17:28:40,13,49.36,16.11,-16.73
13,19,False,09/07/2026 17:28:40,09/07/2026 17:28:41,13,49.36,16.11,-16.73
13,20,False,09/07/2026 17:28:41,09/07/2026 17:28:41,13,49.36,16.11,-16.73
13,21,False,09/07/2026 17:28:41,09/07/2026 17:28:41,13,49.36,16.11,-16.73
13,22,False,09/07/2026 17:28:41,09/07/2026 17:28:43,13,49.36,16.11,-16.73
13,23,False,09/07/2026 17:28:43,09/07/2026 17:28:43,13,49.36,16.11,-16.73
13,24,False,09/07/2026 17:28:43,09/07/2026 17:28:43,13,49.36,16.11,-16.73
13,25,False,09/07/2026 17:28:43,09/07/2026 17:28:46,13,49.36,16.11,-16.73
13,26,False,09/07/2026 17:28:46,09/07/2026 17:28:47,13,49.36,16.11,-16.73
13,27,False,09/07/2026 17:28:47,09/07/2026 17:28:47,13,49.36,16.11,-16.73
13,28,True,09/07/2026 17:28:47,12/31/9999 23:59:59,13,49.36,16.11,-16.73
14,0,False,09/07/2026 17:28:35,09/07/2026 17:28:35,14,49.03,17.19,3.81
14,1,False,09/07/2026 17:28:35,09/07/2026 17:28:35,14,49.03,17.19,3.81
14,2,False,09/07/2026 17:28:35,09/07/2026 17:28:35,14,49.03,17.19,3.81
14,3,False,09/07/2026 17:28:35,09/07/2026 17:28:35,14,49.03,17.19,3.81
14,4,False,09/07/2026 17:28:35,09/07/2026 17:28:35,14,49.03,17.19,3.81
14,5,False,09/07/2026 17:28:35,09/07/2026 17:28:35,14,49.03,17.19,3.81
14,6,False,09/07/2026 17:28:35,09/07/2026 17:28:35,14,49.03,17.19,3.81
14,7,False,09/07/2026 17:28:35,09/07/2026 17:28:35,14,49.03,17.19,3.81
14,8,False,09/07/2026 17:28:35,09/07/2026 17:28:35,14,49.03,17.19,3.81
14,9,False,09/07/2026 17:28:35,09/07/2026 17:28:35,14,49.03,17.19,3.81
14,10,False,09/07/2026 17:28:35,09/07/2026 17:28:36,14,49.03,17.19,3.81
14,11,False,09/07/2026 17:28:36,09/07/2026 17:28:36,14,49.03,17.19,3.81
14,12,False,09/07/2026 17:28:36,09/07/2026 17:28:36,14,49.03,17.19,3.81
14,13,False,09/07/2026 17:28:36,09/07/2026 17:28:37,14,49.03,17.19,3.81
14,14,False,09/07/2026 17:28:37,09/07/2026 17:28:38,14,49.03,17.19,3.81
14,15,False,09/07/2026 17:28:38,09/07/2026 17:28:38,14,49.03,17.19,3.81
14,16,False,09/07/2026 17:28:38,09/07/2026 17:28:38,14,49.03,17.19,3.81
14,17,False,09/07/2026 17:28:38,09/07/2026 17:28:39,14,49.03,17.19,3.81
14,18,False,09/07/2026 17:28:39,09/07/2026 17:28:40,14,49.03,17.19,3.81
14,19,False,09/07/2026 17:28:40,09/07/2026 17:28:40,14,49.03,17.19,3.81
14,20,False,09/07/2026 17:28:40,09/07/2026 17:28:41,14,49.03,17.19,3.81
14,21,False,09/07/2026 17:28:41,09/07/2026 17:28:41,14,49.03,17.19,3.81
14,22,False,09/07/2026 17:28:41,09/07/2026 17:28:41,14,49.03,17.19,3.81
14,23,False,09/07/2026 17:28:41,09/07/2026 17:28:43,14,49.03,17.19,3.81
14,24,False,09/07/2026 17:28:43,09/07/2026 17:28:43,14,49.03,17.19,3.81
14,25,False,09/07/2026 17:28:43,09/07/2026 17:28:43,14,49.03,17.19,3.81
14,26,False,09/07/2026 17:28:43,09/07/2026 17:28:46,14,49.03,17.19,3.81
14,27,False,09/07/2026 17:28:46,09/07/2026 17:28:47,14,49.03,17.19,3.81
14,28,False,09/07/2026 17:28:47,09/07/2026 17:28:47,14,49.03,17.19,3.81
14,29,True,09/07/2026 17:28:47,12/31/9999 23:59:59,14,49.03,17.19,3.81
15,0,False,09/07/2026 17:28:35,09/07/2026 17:28:35,15,50.47,19.19,24.68
15,1,False,09/07/2026 17:28:35,09/07/2026 17:28:35,15,50.47,19.19,24.68
15,2,False,09/07/2026 17:28:35,09/07/2026 17:28:35,15,50.47,19.19,24.68
15,3,False,09/07/2026 17:28:35,09/07/2026 17:28:35,15,50.47,19.19,24.68
15,4,False,09/07/2026 17:28:35,09/07/2026 17:28:35,15,50.47,19.19,24.68
15,5,False,09/07/2026 17:28:35,09/07/2026 17:28:35,15,50.47,19.19,24.68
15,6,False,09/07/2026 17:28:35,09/07/2026 17:28:35,15,50.47,19.19,24.68
15,7,False,09/07/2026 17:28:35,09/07/2026 17:28:35,15,50.47,19.19,24.68
15,8,False,09/07/2026 17:28:35,09/07/2026 17:28:36,15,50.47,19.19,24.68
15,9,False,09/07/2026 17:28:36,09/07/2026 17:28:36,15,50.47,19.19,24.68
15,10,False,09/07/2026 17:28:36,09/07/2026 17:28:36,15,50.47,19.19,24.68
15,11,False,09/07/2026 17:28:36,09/07/2026 17:28:36,15,50.47,19.19,24.68
15,12,False,09/07/2026 17:28:36,09/07/2026 17:28:36,15,50.47,19.19,24.68
15,13,False,09/07/2026 17:28:36,09/07/2026 17:28:36,15,50.47,19.19,24.68
15,14,False,09/07/2026 17:28:36,09/07/2026 17:28:36,15,50.47,19.19,24.68
15,15,False,09/07/2026 17:28:36,09/07/2026 17:28:37,15,50.47,19.19,24.68
15,16,False,09/07/2026 17:28:37,09/07/2026 17:28:37,15,50.47,19.19,24.68
15,17,False,09/07/2026 17:28:37,09/07/2026 17:28:38,15,50.47,19.19,24.68
15,18,False,09/07/2026 17:28:38,09/07/2026 17:28:38,15,50.47,19.19,24.68
15,19,False,09/07/2026 17:28:38,09/07/2026 17:28:38,15,50.47,19.19,24.68
15,20,False,09/07/2026 17:28:38,09/07/2026 17:28:39,15,50.47,19.19,24.68
15,21,False,09/07/2026 17:28:39,09/07/2026 17:28:40,15,50.47,19.19,24.68
15,22,False,09/07/2026 17:28:40,09/07/2026 17:28:40,15,50.47,19.19,24.68
15,23,False,09/07/2026 17:28:40,09/07/2026 17:28:41,15,50.47,19.19,24.68
15,24,False,09/07/2026 17:28:41,09/07/2026 17:28:41,15,50.47,19.19,24.68
15,25,False,09/07/2026 17:28:41,09/07/2026 17:28:41,15,50.47,19.19,24.68
15,26,False,09/07/2026 17:28:41,09/07/2026 17:28:43,15,50.47,19.19,24.68
15,27,False,09/07/2026 17:28:43,09/07/2026 17:28:43,15,50.47,19.19,24.68
15,28,False,09/07/2026 17:28:43,09/07/2026 17:28:43,15,50.47,19.19,24.68
15,29,False,09/07/2026 17:28:43,09/07/2026 17:28:46,15,50.47,19.19,24.68
15,30,False,09/07/2026 17:28:46,09/07/2026 17:28:47,15,50.47,19.19,24.68
15,31,False,09/07/2026 17:28:47,09/07/2026 17:28:47,15,50.47,19.19,24.68
15,32,True,09/07/2026 17:28:47,12/31/9999 23:59:59,15,50.47,19.19,24.68
16,0,False,09/07/2026 17:28:35,09/07/2026 17:28:35,16,49.03,20.43,2.73
16,1,False,09/07/2026 17:28:35,09/07/2026 17:28:35,16,49.03,20.43,2.73
16,2,False,09/07/2026 17:28:35,09/07/2026 17:28:35,16,49.03,20.43,2.73
16,3,False,09/07/2026 17:28:35,09/07/2026 17:28:35,16,49.03,20.43,2.73
16,4,False,09/07/2026 17:28:35,09/07/2026 17:28:35,16,49.03,20.43,2.73
16,5,False,09/07/2026 17:28:35,09/07/2026 17:28:35,16,49.03,20.43,2.73
16,6,False,09/07/2026 17:28:35,09/07/2026 17:28:35,16,49.03,20.43,2.73
16,7,False,09/07/2026 17:28:35,09/07/2026 17:28:35,16,49.03,20.43,2.73
16,8,False,09/07/2026 17:28:35,09/07/2026 17:28:36,16,49.03,20.43,2.73
16,9,False,09/07/2026 17:28:36,09/07/2026 17:28:36,16,49.03,20.43,2.73
16,10,False,09/07/2026 17:28:36,09/07/2026 17:28:36,16,49.03,20.43,2.73
16,11,False,09/07/2026 17:28:36,09/07/2026 17:28:36,16,49.03,20.43,2.73
16,12,False,09/07/2026 17:28:36,09/07/2026 17:28:36,16,49.03,20.43,2.73
16,13,False,09/07/2026 17:28:36,09/07/2026 17:28:36,16,49.03,20.43,2.73
16,14,False,09/07/2026 17:28:36,09/07/2026 17:28:36,16,49.03,20.43,2.73
16,15,False,09/07/2026 17:28:36,09/07/2026 17:28:37,16,49.03,20.43,2.73
16,16,False,09/07/2026 17:28:37,09/07/2026 17:28:37,16,49.03,20.43,2.73
16,17,False,09/07/2026 17:28:37,09/07/2026 17:28:38,16,49.03,20.43,2.73
16,18,False,09/07/2026 17:28:38,09/07/2026 17:28:38,16,49.03,20.43,2.73
16,19,False,09/07/2026 17:28:38,09/07/2026 17:28:38,16,49.03,20.43,2.73
16,20,False,09/07/2026 17:28:38,09/07/2026 17:28:39,16,49.03,20.43,2.73
16,21,False,09/07/2026 17:28:39,09/07/2026 17:28:40,16,49.03,20.43,2.73
16,22,False,09/07/2026 17:28:40,09/07/2026 17:28:40,16,49.03,20.43,2.73
16,23,False,09/07/2026 17:28:40,09/07/2026 17:28:41,16,49.03,20.43,2.73
16,24,False,09/07/2026 17:28:41,09/07/2026 17:28:41,16,49.03,20.43,2.73
16,25,False,09/07/2026 17:28:41,09/07/2026 17:28:41,16,49.03,20.43,2.73
16,26,False,09/07/2026 17:28:41,09/07/2026 17:28:43,16,49.03,20.43,2.73
16,27,False,09/07/2026 17:28:43,09/07/2026 17:28:43,16,49.03,20.43,2.73
16,28,False,09/07/2026 17:28:43,09/07/2026 17:28:43,16,49.03,20.43,2.73
16,29,False,09/07/2026 17:28:43,09/07/2026 17:28:46,16,49.03,20.43,2.73
16,30,False,09/07/2026 17:28:46,09/07/2026 17:28:47,16,49.03,20.43,2.73
16,31,False,09/07/2026 17:28:47,09/07/2026 17:28:47,16,49.03,20.43,2.73
16,32,True,09/07/2026 17:28:47,12/31/9999 23:59:59,16,49.03,20.43,2.73
17,0,False,09/07/2026 17:28:35,09/07/2026 17:28:35,17,51.32,16.41,37.33
17,1,False,09/07/2026 17:28:35,09/07/2026 17:28:35,17,51.32,16.41,37.33
17,2,False,09/07/2026 17:28:35,09/07/2026 17:28:36,17,51.32,16.41,37.33
17,3,False,09/07/2026 17:28:36,09/07/2026 17:28:36,17,51.32,16.41,37.33
17,4,False,09/07/2026 17:28:36,09/07/2026 17:28:36,17,51.32,16.41,37.33
17,5,False,09/07/2026 17:28:36,09/07/2026 17:28:36,17,51.32,16.41,37.33
17,6,False,09/07/2026 17:28:36,09/07/2026 17:28:36,17,51.32,16.41,37.33
17,7,False,09/07/2026 17:28:36,09/07/2026 17:28:36,17,51.32,16.41,37.33
17,8,False,09/07/2026 17:28:36,09/07/2026 17:28:36,17,51.32,16.41,37.33
17,9,False,09/07/2026 17:28:36,09/07/2026 17:28:37,17,51.32,16.41,37.33
17,10,False,09/07/2026 17:28:37,09/07/2026 17:28:37,17,51.32,16.41,37.33
17,11,False,09/07/2026 17:28:37,09/07/2026 17:28:38,17,51.32,16.41,37.33
17,12,False,09/07/2026 17:28:38,09/07/2026 17:28:38,17,51.32,16.41,37.33
17,13,False,09/07/2026 17:28:38,09/07/2026 17:28:38,17,51.32,16.41,37.33
17,14,False,09/07/2026 17:28:38,09/07/2026 17:28:39,17,51.32,16.41,37.33
17,15,False,09/07/2026 17:28:39,09/07/2026 17:28:40,17,51.32,16.41,37.33
17,16,False,09/07/2026 17:28:40,09/07/2026 17:28:40,17,51.32,16.41,37.33
17,17,False,09/07/2026 17:28:40,09/07/2026 17:28:41,17,51.32,16.41,37.33
17,18,False,09/07/2026 17:28:41,09/07/2026 17:28:41,17,51.32,16.41,37.33
17,19,False,09/07/2026 17:28:41,09/07/2026 17:28:41,17,51.32,16.41,37.33
17,20,False,09/07/2026 17:28:41,09/07/2026 17:28:43,17,51.32,16.41,37.33
17,21,False,09/07/2026 17:28:43,09/07/2026 17:28:43,17,51.32,16.41,37.33
17,22,False,09/07/2026 17:28:43,09/07/2026 17:28:43,17,51.32,16.41,37.33
17,23,False,09/07/2026 17:28:43,09/07/2026 17:28:46,17,51.32,16.41,37.33
17,24,False,09/07/2026 17:28:46,09/07/2026 17:28:47,17,51.32,16.41,37.33
17,25,False,09/07/2026 17:28:47,09/07/2026 17:28:47,17,51.32,16.41,37.33
17,26,True,09/07/2026 17:28:47,12/31/9999 23:59:59,17,51.32,16.41,37.33
18,0,False,09/07/2026 17:28:35,09/07/2026 17:28:35,18,54.07,15.55,3.21
18,1,False,09/07/2026 17:28:35,09/07/2026 17:28:35,18,54.07,15.55,3.21
18,2,False,09/07/2026 17:28:35,09/07/2026 17:28:35,18,54.07,15.55,3.21
18,3,False,09/07/2026 17:28:35,09/07/2026 17:28:35,18,54.07,15.55,3.21
18,4,False,09/07/2026 17:28:35,09/07/2026 17:28:36,18,54.07,15.55,3.21
18,5,False,09/07/2026 17:28:36,09/07/2026 17:28:36,18,54.07,15.55,3.21
18,6,False,09/07/2026 17:28:36,09/07/2026 17:28:36,18,54.07,15.55,3.21
18,7,False,09/07/2026 17:28:36,09/07/2026 17:28:36,18,54.07,15.55,3.21
18,8,False,09/07/2026 17:28:36,09/07/2026 17:28:36,18,54.07,15.55,3.21
18,9,False,09/07/2026 17:28:36,09/07/2026 17:28:36,18,54.07,15.55,3.21
18,10,False,09/07/2026 17:28:36,09/07/2026 17:28:36,18,54.07,15.55,3.21
18,11,False,09/07/2026 17:28:36,09/07/2026 17:28:36,18,54.07,15.55,3.21
18,12,False,09/07/2026 17:28:36,09/07/2026 17:28:36,18,54.07,15.55,3.21
18,13,False,09/07/2026 17:28:36,09/07/2026 17:28:36,18,54.07,15.55,3.21
18,14,False,09/07/2026 17:28:36,09/07/2026 17:28:36,18,54.07,15.55,3.21
18,15,False,09/07/2026 17:28:36,09/07/2026 17:28:36,18,54.07,15.55,3.21
18,16,False,09/07/2026 17:28:36,09/07/2026 17:28:36,18,54.07,15.55,3.21
18,17,False,09/07/2026 17:28:36,09/07/2026 17:28:37,18,54.07,15.55,3.21
18,18,False,09/07/2026 17:28:37,09/07/2026 17:28:37,18,54.07,15.55,3.21
18,19,False,09/07/2026 17:28:37,09/07/2026 17:28:37,18,54.07,15.55,3.21
18,20,False,09/07/2026 17:28:37,09/07/2026 17:28:38,18,54.07,15.55,3.21
18,21,False,09/07/2026 17:28:38,09/07/2026 17:28:38,18,54.07,15.55,3.21
18,22,False,09/07/2026 17:28:38,09/07/2026 17:28:38,18,54.07,15.55,3.21
18,23,False,09/07/2026 17:28:38,09/07/2026 17:28:39,18,54.07,15.55,3.21
18,24,False,09/07/2026 17:28:39,09/07/2026 17:28:40,18,54.07,15.55,3.21
18,25,False,09/07/2026 17:28:40,09/07/2026 17:28:40,18,54.07,15.55,3.21
18,26,False,09/07/2026 17:28:40,09/07/2026 17:28:41,18,54.07,15.55,3.21
18,27,False,09/07/2026 17:28:41,09/07/2026 17:28:41,18,54.07,15.55,3.21
18,28,False,09/07/2026 17:28:41,09/07/2026 17:28:41,18,54.07,15.55,3.21
18,29,False,09/07/2026 17:28:41,09/07/2026 17:28:43,18,54.07,15.55,3.21
18,30,False,09/07/2026 17:28:43,09/07/2026 17:28:43,18,54.07,15.55,3.21
18,31,False,09/07/2026 17:28:43,09/07/2026 17:28:43,18,54.07,15.55,3.21
18,32,False,09/07/2026 17:28:43,09/07/2026 17:28:46,18,54.07,15.55,3.21
18,33,False,09/07/2026 17:28:46,09/07/2026 17:28:47,18,54.07,15.55,3.21
18,34,False,09/07/2026 17:28:47,09/07/2026 17:28:47,18,54.07,15.55,3.21
18,35,True,09/07/2026 17:28:47,12/31/9999 23:59:59,18,54.07,15.55,3.21
19,0,False,09/07/2026 17:28:36,09/07/2026 17:28:36,19,52.30,15.15,-5.42
19,1,False,09/07/2026 17:28:36,09/07/2026 17:28:36,19,52.30,15.15,-5.42
19,2,False,09/07/2026 17:28:36,09/07/2026 17:28:36,19,52.30,15.15,-5.42
19,3,False,09/07/2026 17:28:36,09/07/2026 17:28:36,19,52.30,15.15,-5.42
19,4,False,09/07/2026 17:28:36,09/07/2026 17:28:36,19,52.30,15.15,-5.42
19,5,False,09/07/2026 17:28:36,09/07/2026 17:28:36,19,52.30,15.15,-5.42
19,6,False,09/07/2026 17:28:36,09/07/2026 17:28:36,19,52.30,15.15,-5.42
19,7,False,09/07/2026 17:28:36,09/07/2026 17:28:36,19,52.30,15.15,-5.42
19,8,False,09/07/2026 17:28:36,09/07/2026 17:28:36,19,52.30,15.15,-5.42
19,9,False,09/07/2026 17:28:36,09/07/2026 17:28:36,19,52.30,15.15,-5.42
19,10,False,09/07/2026 17:28:36,09/07/2026 17:28:36,19,52.30,15.15,-5.42
19,11,False,09/07/2026 17:28:36,09/07/2026 17:28:36,19,52.30,15.15,-5.42
19,12,False,09/07/2026 17:28:36,09/07/2026 17:28:36,19,52.30,15.15,-5.42
19,13,False,09/07/2026 17:28:36,09/07/2026 17:28:36,19,52.30,15.15,-5.42
19,14,False,09/07/2026 17:28:36,09/07/2026 17:28:37,19,52.30,15.15,-5.42
19,15,False,09/07/2026 17:28:37,09/07/2026 17:28:37,19,52.30,15.15,-5.42
19,16,False,09/07/2026 17:28:37,09/07/2026 17:28:37,19,52.30,15.15,-5.42
19,17,False,09/07/2026 17:28:37,09/07/2026 17:28:38,19,52.30,15.15,-5.42
19,18,False,09/07/2026 17:28:38,09/07/2026 17:28:38,19,52.30,15.15,-5.42
19,19,False,09/07/2026 17:28:38,09/07/2026 17:28:38,19,52.30,15.15,-5.42
19,20,False,09/07/2026 17:28:38,09/07/2026 17:28:39,19,52.30,15.15,-5.42
19,21,False,09/07/2026 17:28:39,09/07/2026 17:28:40,19,52.30,15.15,-5.42
19,22,False,09/07/2026 17:28:40,09/07/2026 17:28:40,19,52.30,15.15,-5.42
19,23,False,09/07/2026 17:28:40,09/07/2026 17:28:41,19,52.30,15.15,-5.42
19,24,False,09/07/2026 17:28:41,09/07/2026 17:28:41,19,52.30,15.15,-5.42
19,25,False,09/07/2026 17:28:41,09/07/2026 17:28:41,19,52.30,15.15,-5.42
19,26,False,09/07/2026 17:28:41,09/07/2026 17:28:43,19,52.30,15.15,-5.42
19,27,False,09/07/2026 17:28:43,09/07/2026 17:28:43,19,52.30,15.15,-5.42
19,28,False,09/07/2026 17:28:43,09/07/2026 17:28:43,19,52.30,15.15,-5.42
19,29,False,09/07/2026 17:28:43,09/07/2026 17:28:46,19,52.30,15.15,-5.42
19,30,False,09/07/2026 17:28:46,09/07/2026 17:28:47,19,52.30,15.15,-5.42
19,31,False,09/07/2026 17:28:47,09/07/2026 17:28:47,19,52.30,15.15,-5.42
19,32,True,09/07/2026 17:28:47,12/31/9999 23:59:59,19,52.30,15.15,-5.42
20,0,False,09/07/2026 17:28:36,09/07/2026 17:28:36,20,53.05,21.25,8.91
20,1,False,09/07/2026 17:28:36,09/07/2026 17:28:36,20,53.05,21.25,8.91
20,2,False,09/07/2026 17:28:36,09/07/2026 17:28:36,20,53.05,21.25,8.91
20,3,False,09/07/2026 17:28:36,09/07/2026 17:28:36,20,53.05,21.25,8.91
20,4,False,09/07/2026 17:28:36,09/07/2026 17:28:36,20,53.05,21.25,8.91
20,5,False,09/07/2026 17:28:36,09/07/2026 17:28:36,20,53.05,21.25,8.91
20,6,False,09/07/2026 17:28:36,09/07/2026 17:28:36,20,53.05,21.25,8.91
20,7,False,09/07/2026 17:28:36,09/07/2026 17:28:36,20,53.05,21.25,8.91
20,8,False,09/07/2026 17:28:36,09/07/2026 17:28:36,20,53.05,21.25,8.91
20,9,False,09/07/2026 17:28:36,09/07/2026 17:28:36,20,53.05,21.25,8.91
20,10,False,09/07/2026 17:28:36,09/07/2026 17:28:36,20,53.05,21.25,8.91
20,11,False,09/07/2026 17:28:36,09/07/2026 17:28:36,20,53.05,21.25,8.91
20,12,False,09/07/2026 17:28:36,09/07/2026 17:28:37,20,53.05,21.25,8.91
20,13,False,09/07/2026 17:28:37,09/07/2026 17:28:37,20,53.05,21.25,8.91
20,14,False,09/07/2026 17:28:37,09/07/2026 17:28:37,20,53.05,21.25,8.91
20,15,False,09/07/2026 17:28:37,09/07/2026 17:28:38,20,53.05,21.25,8.91
20,16,False,09/07/2026 17:28:38,09/07/2026 17:28:38,20,53.05,21.25,8.91
20,17,False,09/07/2026 17:28:38,09/07/2026 17:28:38,20,53.05,21.25,8.91
20,18,False,09/07/2026 17:28:38,09/07/2026 17:28:39,20,53.05,21.25,8.91
20,19,False,09/07/2026 17:28:39,09/07/2026 17:28:40,20,53.05,21.25,8.91
20,20,False,09/07/2026 17:28:40,09/07/2026 17:28:40,20,53.05,21.25,8.91
20,21,False,09/07/2026 17:28:40,09/07/2026 17:28:41,20,53.05,21.25,8.91
20,22,False,09/07/2026 17:28:41,09/07/2026 17:28:41,20,53.05,21.25,8.91
20,23,False,09/07/2026 17:28:41,09/07/2026 17:28:41,20,53.05,21.25,8.91
20,24,False,09/07/2026 17:28:41,09/07/2026 17:28:43,20,53.05,21.25,8.91
20,25,False,09/07/2026 17:28:43,09/07/2026 17:28:43,20,53.05,21.25,8.91
20,26,False,09/07/2026 17:28:43,09/07/2026 17:28:43,20,53.05,21.25,8.91
20,27,False,09/07/2026 17:28:43,09/07/2026 17:28:46,20,53.05,21.25,8.91
20,28,False,09/07/2026 17:28:46,09/07/2026 17:28:47,20,53.05,21.25,8.91
20,29,False,09/07/2026 17:28:47,09/07/2026 17:28:47,20,53.05,21.25,8.91
20,30,True,09/07/2026 17:28:47,12/31/9999 23:59:59,20,53.05,21.25,8.91
21,0,False,09/07/2026 17:28:36,09/07/2026 17:28:36,21,51.47,19.21,-11.93
21,1,False,09/07/2026 17:28:36,09/07/2026 17:28:36,21,51.47,19.21,-11.93
21,2,False,09/07/2026 17:28:36,09/07/2026 17:28:36,21,51.47,19.21,-11.93
21,3,False,09/07/2026 17:28:36,09/07/2026 17:28:36,21,51.47,19.21,-11.93
21,4,False,09/07/2026 17:28:36,09/07/2026 17:28:36,21,51.47,19.21,-11.93
21,5,False,09/07/2026 17:28:36,09/07/2026 17:28:37,21,51.47,19.21,-11.93
21,6,False,09/07/2026 17:28:37,09/07/2026 17:28:37,21,51.47,19.21,-11.93
21,7,False,09/07/2026 17:28:37,09/07/2026 17:28:37,21,51.47,19.21,-11.93
21,8,False,09/07/2026 17:28:37,09/07/2026 17:28:37,21,51.47,19.21,-11.93
21,9,False,09/07/2026 17:28:37,09/07/2026 17:28:37,21,51.47,19.21,-11.93
21,10,False,09/07/2026 17:28:37,09/07/2026 17:28:37,21,51.47,19.21,-11.93
21,11,False,09/07/2026 17:28:37,09/07/2026 17:28:37,21,51.47,19.21,-11.93
21,12,False,09/07/2026 17:28:37,09/07/2026 17:28:37,21,51.47,19.21,-11.93
21,13,False,09/07/2026 17:28:37,09/07/2026 17:28:38,21,51.47,19.21,-11.93
21,14,False,09/07/2026 17:28:38,09/07/2026 17:28:38,21,51.47,19.21,-11.93
21,15,False,09/07/2026 17:28:38,09/07/2026 17:28:38,21,51.47,19.21,-11.93
21,16,False,09/07/2026 17:28:38,09/07/2026 17:28:39,21,51.47,19.21,-11.93
21,17,False,09/07/2026 17:28:39,09/07/2026 17:28:40,21,51.47,19.21,-11.93
21,18,False,09/07/2026 17:28:40,09/07/2026 17:28:40,21,51.47,19.21,-11.93
21,19,False,09/07/2026 17:28:40,09/07/2026 17:28:41,21,51.47,19.21,-11.93
21,20,False,09/07/2026 17:28:41,09/07/2026 17:28:41,21,51.47,19.21,-11.93
21,21,False,09/07/2026 17:28:41,09/07/2026 17:28:41,21,51.47,19.21,-11.93
21,22,False,09/07/2026 17:28:41,09/07/2026 17:28:43,21,51.47,19.21,-11.93
21,23,False,09/07/2026 17:28:43,09/07/2026 17:28:43,21,51.47,19.21,-11.93
21,24,False,09/07/2026 17:28:43,09/07/2026 17:28:43,21,51.47,19.21,-11.93
21,25,False,09/07/2026 17:28:43,09/07/2026 17:28:46,21,51.47,19.21,-11.93
21,26,False,09/07/2026 17:28:46,09/07/2026 17:28:47,21,51.47,19.21,-11.93
21,27,False,09/07/2026 17:28:47,09/07/2026 17:28:47,21,51.47,19.21,-11.93
21,28,True,09/07/2026 17:28:47,12/31/9999 23:59:59,21,51.47,19.21,-11.93
22,0,False,09/07/2026 17:28:36,09/07/2026 17:28:36,22,53.08,17.44,-5.56
22,1,False,09/07/2026 17:28:36,09/07/2026 17:28:36,22,53.08,17.44,-5.56
22,2,False,09/07/2026 17:28:36,09/07/2026 17:28:36,22,53.08,17.44,-5.56
22,3,False,09/07/2026 17:28:36,09/07/2026 17:28:36,22,53.08,17.44,-5.56
22,4,False,09/07/2026 17:28:36,09/07/2026 17:28:36,22,53.08,17.44,-5.56
22,5,False,09/07/2026 17:28:36,09/07/2026 17:28:36,22,53.08,17.44,-5.56
22,6,False,09/07/2026 17:28:36,09/07/2026 17:28:37,22,53.08,17.44,-5.56
22,7,False,09/07/2026 17:28:37,09/07/2026 17:28:37,22,53.08,17.44,-5.56
22,8,False,09/07/2026 17:28:37,09/07/2026 17:28:37,22,53.08,17.44,-5.56
22,9,False,09/07/2026 17:28:37,09/07/2026 17:28:37,22,53.08,17.44,-5.56
22,10,False,09/07/2026 17:28:37,09/07/2026 17:28:37,22,53.08,17.44,-5.56
22,11,False,09/07/2026 17:28:37,09/07/2026 17:28:37,22,53.08,17.44,-5.56
22,12,False,09/07/2026 17:28:37,09/07/2026 17:28:37,22,53.08,17.44,-5.56
22,13,False,09/07/2026 17:28:37,09/07/2026 17:28:37,22,53.08,17.44,-5.56
22,14,False,09/07/2026 17:28:37,09/07/2026 17:28:37,22,53.08,17.44,-5.56
22,15,False,09/07/2026 17:28:37,09/07/2026 17:28:38,22,53.08,17.44,-5.56
22,16,False,09/07/2026 17:28:38,09/07/2026 17:28:38,22,53.08,17.44,-5.56
22,17,False,09/07/2026 17:28:38,09/07/2026 17:28:38,22,53.08,17.44,-5.56
22,18,False,09/07/2026 17:28:38,09/07/2026 17:28:39,22,53.08,17.44,-5.56
22,19,False,09/07/2026 17:28:39,09/07/2026 17:28:40,22,53.08,17.44,-5.56
22,20,False,09/07/2026 17:28:40,09/07/2026 17:28:40,22,53.08,17.44,-5.56
22,21,False,09/07/2026 17:28:40,09/07/2026 17:28:41,22,53.08,17.44,-5.56
22,22,False,09/07/2026 17:28:41,09/07/2026 17:28:41,22,53.08,17.44,-5.56
22,23,False,09/07/2026 17:28:41,09/07/2026 17:28:41,22,53.08,17.44,-5.56
22,24,False,09/07/2026 17:28:41,09/07/2026 17:28:43,22,53.08,17.44,-5.56
22,25,False,09/07/2026 17:28:43,09/07/2026 17:28:43,22,53.08,17.44,-5.56
22,26,False,09/07/2026 17:28:43,09/07/2026 17:28:43,22,53.08,17.44,-5.56
22,27,False,09/07/2026 17:28:43,09/07/2026 17:28:46,22,53.08,17.44,-5.56
22,28,False,09/07/2026 17:28:46,09/07/2026 17:28:47,22,53.08,17.44,-5.56
22,29,False,09/07/2026 17:28:47,09/07/2026 17:28:47,22,53.08,17.44,-5.56
22,30,True,09/07/2026 17:28:47,12/31/9999 23:59:59,22,53.08,17.44,-5.56
23,0,False,09/07/2026 17:28:37,09/07/2026 17:28:37,23,49.28,20.42,-20.66
23,1,False,09/07/2026 17:28:37,09/07/2026 17:28:37,23,49.28,20.42,-20.66
23,2,False,09/07/2026 17:28:37,09/07/2026 17:28:37,23,49.28,20.42,-20.66
23,3,False,09/07/2026 17:28:37,09/07/2026 17:28:37,23,49.28,20.42,-20.66
23,4,False,09/07/2026 17:28:37,09/07/2026 17:28:37,23,49.28,20.42,-20.66
23,5,False,09/07/2026 17:28:37,09/07/2026 17:28:37,23,49.28,20.42,-20.66
23,6,False,09/07/2026 17:28:37,09/07/2026 17:28:37,23,49.28,20.42,-20.66
23,7,False,09/07/2026 17:28:37,09/07/2026 17:28:38,23,49.28,20.42,-20.66
23,8,False,09/07/2026 17:28:38,09/07/2026 17:28:38,23,49.28,20.42,-20.66
23,9,False,09/07/2026 17:28:38,09/07/2026 17:28:38,23,49.28,20.42,-20.66
23,10,False,09/07/2026 17:28:38,09/07/2026 17:28:39,23,49.28,20.42,-20.66
23,11,False,09/07/2026 17:28:39,09/07/2026 17:28:40,23,49.28,20.42,-20.66
23,12,False,09/07/2026 17:28:40,09/07/2026 17:28:40,23,49.28,20.42,-20.66
23,13,False,09/07/2026 17:28:40,09/07/2026 17:28:41,23,49.28,20.42,-20.66
23,14,False,09/07/2026 17:28:41,09/07/2026 17:28:41,23,49.28,20.42,-20.66
23,15,False,09/07/2026 17:28:41,09/07/2026 17:28:41,23,49.28,20.42,-20.66
23,16,False,09/07/2026 17:28:41,09/07/2026 17:28:43,23,49.28,20.42,-20.66
23,17,False,09/07/2026 17:28:43,09/07/2026 17:28:43,23,49.28,20.42,-20.66
23,18,False,09/07/2026 17:28:43,09/07/2026 17:28:43,23,49.28,20.42,-20.66
23,19,False,09/07/2026 17:28:43,09/07/2026 17:28:46,23,49.28,20.42,-20.66
23,20,False,09/07/2026 17:28:46,09/07/2026 17:28:47,23,49.28,20.42,-20.66
23,21,False,09/07/2026 17:28:47,09/07/2026 17:28:47,23,49.28,20.42,-20.66
23,22,True,09/07/2026 17:28:47,12/31/9999 23:59:59,23,49.28,20.42,-20.66
24,0,False,09/07/2026 17:28:37,09/07/2026 17:28:37,24,52.09,17.49,5.90
24,1,False,09/07/2026 17:28:37,09/07/2026 17:28:37,24,52.09,17.49,5.90
24,2,False,09/07/2026 17:28:37,09/07/2026 17:28:37,24,52.09,17.49,5.90
24,3,False,09/07/2026 17:28:37,09/07/2026 17:28:37,24,52.09,17.49,5.90
24,4,False,09/07/2026 17:28:37,09/07/2026 17:28:37,24,52.09,17.49,5.90
24,5,False,09/07/2026 17:28:37,09/07/2026 17:28:37,24,52.09,17.49,5.90
24,6,False,09/07/2026 17:28:37,09/07/2026 17:28:37,24,52.09,17.49,5.90
24,7,False,09/07/2026 17:28:37,09/07/2026 17:28:37,24,52.09,17.49,5.90
24,8,False,09/07/2026 17:28:37,09/07/2026 17:28:37,24,52.09,17.49,5.90
24,9,False,09/07/2026 17:28:37,09/07/2026 17:28:37,24,52.09,17.49,5.90
24,10,False,09/07/2026 17:28:37,09/07/2026 17:28:37,24,52.09,17.49,5.90
24,11,False,09/07/2026 17:28:37,09/07/2026 17:28:37,24,52.09,17.49,5.90
24,12,False,09/07/2026 17:28:37,09/07/2026 17:28:37,24,52.09,17.49,5.90
24,13,False,09/07/2026 17:28:37,09/07/2026 17:28:37,24,52.09,17.49,5.90
24,14,False,09/07/2026 17:28:37,09/07/2026 17:28:37,24,52.09,17.49,5.90
24,15,False,09/07/2026 17:28:37,09/07/2026 17:28:38,24,52.09,17.49,5.90
24,16,False,09/07/2026 17:28:38,09/07/2026 17:28:38,24,52.09,17.49,5.90
24,17,False,09/07/2026 17:28:38,09/07/2026 17:28:38,24,52.09,17.49,5.90
24,18,False,09/07/2026 17:28:38,09/07/2026 17:28:39,24,52.09,17.49,5.90
24,19,False,09/07/2026 17:28:39,09/07/2026 17:28:40,24,52.09,17.49,5.90
24,20,False,09/07/2026 17:28:40,09/07/2026 17:28:40,24,52.09,17.49,5.90
24,21,False,09/07/2026 17:28:40,09/07/2026 17:28:41,24,52.09,17.49,5.90
24,22,False,09/07/2026 17:28:41,09/07/2026 17:28:41,24,52.09,17.49,5.90
24,23,False,09/07/2026 17:28:41,09/07/2026 17:28:41,24,52.09,17.49,5.90
24,24,False,09/07/2026 17:28:41,09/07/2026 17:28:43,24,52.09,17.49,5.90
24,25,False,09/07/2026 17:28:43,09/07/2026 17:28:43,24,52.09,17.49,5.90
24,26,False,09/07/2026 17:28:43,09/07/2026 17:28:43,24,52.09,17.49,5.90
24,27,False,09/07/2026 17:28:43,09/07/2026 17:28:46,24,52.09,17.49,5.90
24,28,False,09/07/2026 17:28:46,09/07/2026 17:28:47,24,52.09,17.49,5.90
24,29,False,09/07/2026 17:28:47,09/07/2026 17:28:47,24,52.09,17.49,5.90
24,30,True,09/07/2026 17:28:47,12/31/9999 23:59:59,24,52.09,17.49,5.90
25,0,False,09/07/2026 17:28:37,09/07/2026 17:28:37,25,53.40,14.54,12.79
25,1,False,09/07/2026 17:28:37,09/07/2026 17:28:37,25,53.40,14.54,12.79
25,2,False,09/07/2026 17:28:37,09/07/2026 17:28:37,25,53.40,14.54,12.79
25,3,False,09/07/2026 17:28:37,09/07/2026 17:28:37,25,53.40,14.54,12.79
25,4,False,09/07/2026 17:28:37,09/07/2026 17:28:37,25,53.40,14.54,12.79
25,5,False,09/07/2026 17:28:37,09/07/2026 17:28:37,25,53.40,14.54,12.79
25,6,False,09/07/2026 17:28:37,09/07/2026 17:28:37,25,53.40,14.54,12.79
25,7,False,09/07/2026 17:28:37,09/07/2026 17:28:37,25,53.40,14.54,12.79
25,8,False,09/07/2026 17:28:37,09/07/2026 17:28:37,25,53.40,14.54,12.79
25,9,False,09/07/2026 17:28:37,09/07/2026 17:28:37,25,53.40,14.54,12.79
25,10,False,09/07/2026 17:28:37,09/07/2026 17:28:37,25,53.40,14.54,12.79
25,11,False,09/07/2026 17:28:37,09/07/2026 17:28:37,25,53.40,14.54,12.79
25,12,False,09/07/2026 17:28:37,09/07/2026 17:28:37,25,53.40,14.54,12.79
25,13,False,09/07/2026 17:28:37,09/07/2026 17:28:38,25,53.40,14.54,12.79
25,14,False,09/07/2026 17:28:38,09/07/2026 17:28:38,25,53.40,14.54,12.79
25,15,False,09/07/2026 17:28:38,09/07/2026 17:28:38,25,53.40,14.54,12.79
25,16,False,09/07/2026 17:28:38,09/07/2026 17:28:39,25,53.40,14.54,12.79
25,17,False,09/07/2026 17:28:39,09/07/2026 17:28:40,25,53.40,14.54,12.79
25,18,False,09/07/2026 17:28:40,09/07/2026 17:28:40,25,53.40,14.54,12.79
25,19,False,09/07/2026 17:28:40,09/07/2026 17:28:41,25,53.40,14.54,12.79
25,20,False,09/07/2026 17:28:41,09/07/2026 17:28:41,25,53.40,14.54,12.79
25,21,False,09/07/2026 17:28:41,09/07/2026 17:28:41,25,53.40,14.54,12.79
25,22,False,09/07/2026 17:28:41,09/07/2026 17:28:43,25,53.40,14.54,12.79
25,23,False,09/07/2026 17:28:43,09/07/2026 17:28:43,25,53.40,14.54,12.79
25,24,False,09/07/2026 17:28:43,09/07/2026 17:28:43,25,53.40,14.54,12.79
25,25,False,09/07/2026 17:28:43,09/07/2026 17:28:46,25,53.40,14.54,12.79
25,26,False,09/07/2026 17:28:46,09/07/2026 17:28:47,25,53.40,14.54,12.79
25,27,False,09/07/2026 17:28:47,09/07/2026 17:28:47,25,53.40,14.54,12.79
25,28,True,09/07/2026 17:28:47,12/31/9999 23:59:59,25,53.40,14.54,12.79
26,0,False,09/07/2026 17:28:37,09/07/2026 17:28:37,26,51.26,15.26,-14.41
26,1,False,09/07/2026 17:28:37,09/07/2026 17:28:37,26,51.26,15.26,-14.41
26,2,False,09/07/2026 17:28:37,09/07/2026 17:28:37,26,51.26,15.26,-14.41
26,3,False,09/07/2026 17:28:37,09/07/2026 17:28:37,26,51.26,15.26,-14.41
26,4,False,09/07/2026 17:28:37,09/07/2026 17:28:37,26,51.26,15.26,-14.41
26,5,False,09/07/2026 17:28:37,09/07/2026 17:28:38,26,51.26,15.26,-14.41
26,6,False,09/07/2026 17:28:38,09/07/2026 17:28:38,26,51.26,15.26,-14.41
26,7,False,09/07/2026 17:28:38,09/07/2026 17:28:38,26,51.26,15.26,-14.41
26,8,False,09/07/2026 17:28:38,09/07/2026 17:28:39,26,51.26,15.26,-14.41
26,9,False,09/07/2026 17:28:39,09/07/2026 17:28:40,26,51.26,15.26,-14.41
26,10,False,09/07/2026 17:28:40,09/07/2026 17:28:40,26,51.26,15.26,-14.41
26,11,False,09/07/2026 17:28:40,09/07/2026 17:28:41,26,51.26,15.26,-14.41
26,12,False,09/07/2026 17:28:41,09/07/2026 17:28:41,26,51.26,15.26,-14.41
26,13,False,09/07/2026 17:28:41,09/07/2026 17:28:41,26,51.26,15.26,-14.41
26,14,False,09/07/2026 17:28:41,09/07/2026 17:28:43,26,51.26,15.26,-14.41
26,15,False,09/07/2026 17:28:43,09/07/2026 17:28:43,26,51.26,15.26,-14.41
26,16,False,09/07/2026 17:28:43,09/07/2026 17:28:43,26,51.26,15.26,-14.41
26,17,False,09/07/2026 17:28:43,09/07/2026 17:28:46,26,51.26,15.26,-14.41
26,18,False,09/07/2026 17:28:46,09/07/2026 17:28:47,26,51.26,15.26,-14.41
26,19,False,09/07/2026 17:28:47,09/07/2026 17:28:47,26,51.26,15.26,-14.41
26,20,True,09/07/2026 17:28:47,12/31/9999 23:59:59,26,51.26,15.26,-14.41
27,0,False,09/07/2026 17:28:37,09/07/2026 17:28:37,27,49.17,23.20,10.30
27,1,False,09/07/2026 17:28:37,09/07/2026 17:28:37,27,49.17,23.20,10.30
27,2,False,09/07/2026 17:28:37,09/07/2026 17:28:37,27,49.17,23.20,10.30
27,3,False,09/07/2026 17:28:37,09/07/2026 17:28:37,27,49.17,23.20,10.30
27,4,False,09/07/2026 17:28:37,09/07/2026 17:28:37,27,49.17,23.20,10.30
27,5,False,09/07/2026 17:28:37,09/07/2026 17:28:37,27,49.17,23.20,10.30
27,6,False,09/07/2026 17:28:37,09/07/2026 17:28:37,27,49.17,23.20,10.30
27,7,False,09/07/2026 17:28:37,09/07/2026 17:28:37,27,49.17,23.20,10.30
27,8,False,09/07/2026 17:28:37,09/07/2026 17:28:37,27,49.17,23.20,10.30
27,9,False,09/07/2026 17:28:37,09/07/2026 17:28:37,27,49.17,23.20,10.30
27,10,False,09/07/2026 17:28:37,09/07/2026 17:28:37,27,49.17,23.20,10.30
27,11,False,09/07/2026 17:28:37,09/07/2026 17:28:38,27,49.17,23.20,10.30
27,12,False,09/07/2026 17:28:38,09/07/2026 17:28:38,27,49.17,23.20,10.30
27,13,False,09/07/2026 17:28:38,09/07/2026 17:28:38,27,49.17,23.20,10.30
27,14,False,09/07/2026 17:28:38,09/07/2026 17:28:38,27,49.17,23.20,10.30
27,15,False,09/07/2026 17:28:38,09/07/2026 17:28:38,27,49.17,23.20,10.30
27,16,False,09/07/2026 17:28:38,09/07/2026 17:28:39,27,49.17,23.20,10.30
27,17,False,09/07/2026 17:28:39,09/07/2026 17:28:40,27,49.17,23.20,10.30
27,18,False,09/07/2026 17:28:40,09/07/2026 17:28:40,27,49.17,23.20,10.30
27,19,False,09/07/2026 17:28:40,09/07/2026 17:28:41,27,49.17,23.20,10.30
27,20,False,09/07/2026 17:28:41,09/07/2026 17:28:41,27,49.17,23.20,10.30
27,21,False,09/07/2026 17:28:41,09/07/2026 17:28:41,27,49.17,23.20,10.30
27,22,False,09/07/2026 17:28:41,09/07/2026 17:28:43,27,49.17,23.20,10.30
27,23,False,09/07/2026 17:28:43,09/07/2026 17:28:43,27,49.17,23.20,10.30
27,24,False,09/07/2026 17:28:43,09/07/2026 17:28:43,27,49.17,23.20,10.30
27,25,False,09/07/2026 17:28:43,09/07/2026 17:28:46,27,49.17,23.20,10.30
27,26,False,09/07/2026 17:28:46,09/07/2026 17:28:47,27,49.17,23.20,10.30
27,27,False,09/07/2026 17:28:47,09/07/2026 17:28:47,27,49.17,23.20,10.30
27,28,True,09/07/2026 17:28:47,12/31/9999 23:59:59,27,49.17,23.20,10.30
28,0,False,09/07/2026 17:28:37,09/07/2026 17:28:37,28,53.44,17.22,-11.04
28,1,False,09/07/2026 17:28:37,09/07/2026 17:28:37,28,53.44,17.22,-11.04
28,2,False,09/07/2026 17:28:37,09/07/2026 17:28:37,28,53.44,17.22,-11.04
28,3,False,09/07/2026 17:28:37,09/07/2026 17:28:37,28,53.44,17.22,-11.04
28,4,False,09/07/2026 17:28:37,09/07/2026 17:28:37,28,53.44,17.22,-11.04
28,5,False,09/07/2026 17:28:37,09/07/2026 17:28:38,28,53.44,17.22,-11.04
28,6,False,09/07/2026 17:28:38,09/07/2026 17:28:38,28,53.44,17.22,-11.04
28,7,False,09/07/2026 17:28:38,09/07/2026 17:28:38,28,53.44,17.22,-11.04
28,8,False,09/07/2026 17:28:38,09/07/2026 17:28:38,28,53.44,17.22,-11.04
28,9,False,09/07/2026 17:28:38,09/07/2026 17:28:38,28,53.44,17.22,-11.04
28,10,False,09/07/2026 17:28:38,09/07/2026 17:28:38,28,53.44,17.22,-11.04
28,11,False,09/07/2026 17:28:38,09/07/2026 17:28:39,28,53.44,17.22,-11.04
28,12,False,09/07/2026 17:28:39,09/07/2026 17:28:40,28,53.44,17.22,-11.04
28,13,False,09/07/2026 17:28:40,09/07/2026 17:28:40,28,53.44,17.22,-11.04
28,14,False,09/07/2026 17:28:40,09/07/2026 17:28:41,28,53.44,17.22,-11.04
28,15,False,09/07/2026 17:28:41,09/07/2026 17:28:41,28,53.44,17.22,-11.04
28,16,False,09/07/2026 17:28:41,09/07/2026 17:28:41,28,53.44,17.22,-11.04
28,17,False,09/07/2026 17:28:41,09/07/2026 17:28:43,28,53.44,17.22,-11.04
28,18,False,09/07/2026 17:28:43,09/07/2026 17:28:43,28,53.44,17.22,-11.04
28,19,False,09/07/2026 17:28:43,09/07/2026 17:28:44,28,53.44,17.22,-11.04
28,20,False,09/07/2026 17:28:44,09/07/2026 17:28:46,28,53.44,17.22,-11.04
28,21,False,09/07/2026 17:28:46,09/07/2026 17:28:47,28,53.44,17.22,-11.04
28,22,False,09/07/2026 17:28:47,09/07/2026 17:28:47,28,53.44,17.22,-11.04
28,23,True,09/07/2026 17:28:47,12/31/9999 23:59:59,28,53.44,17.22,-11.04
29,0,False,09/07/2026 17:28:37,09/07/2026 17:28:37,29,49.34,22.33,23.26
29,1,False,09/07/2026 17:28:37,09/07/2026 17:28:38,29,49.34,22.33,23.26
29,2,False,09/07/2026 17:28:38,09/07/2026 17:28:38,29,49.34,22.33,23.26
29,3,False,09/07/2026 17:28:38,09/07/2026 17:28:38,29,49.34,22.33,23.26
29,4,False,09/07/2026 17:28:38,09/07/2026 17:28:38,29,49.34,22.33,23.26
29,5,False,09/07/2026 17:28:38,09/07/2026 17:28:38,29,49.34,22.33,23.26
29,6,False,09/07/2026 17:28:38,09/07/2026 17:28:38,29,49.34,22.33,23.26
29,7,False,09/07/2026 17:28:38,09/07/2026 17:28:39,29,49.34,22.33,23.26
29,8,False,09/07/2026 17:28:39,09/07/2026 17:28:40,29,49.34,22.33,23.26
29,9,False,09/07/2026 17:28:40,09/07/2026 17:28:40,29,49.34,22.33,23.26
29,10,False,09/07/2026 17:28:40,09/07/2026 17:28:41,29,49.34,22.33,23.26
29,11,False,09/07/2026 17:28:41,09/07/2026 17:28:41,29,49.34,22.33,23.26
29,12,False,09/07/2026 17:28:41,09/07/2026 17:28:41,29,49.34,22.33,23.26
29,13,False,09/07/2026 17:28:41,09/07/2026 17:28:43,29,49.34,22.33,23.26
29,14,False,09/07/2026 17:28:43,09/07/2026 17:28:43,29,49.34,22.33,23.26
29,15,False,09/07/2026 17:28:43,09/07/2026 17:28:44,29,49.34,22.33,23.26
29,16,False,09/07/2026 17:28:44,09/07/2026 17:28:46,29,49.34,22.33,23.26
29,17,False,09/07/2026 17:28:46,09/07/2026 17:28:47,29,49.34,22.33,23.26
29,18,False,09/07/2026 17:28:47,09/07/2026 17:28:47,29,49.34,22.33,23.26
29,19,True,09/07/2026 17:28:47,12/31/9999 23:59:59,29,49.34,22.33,23.26
30,0,False,09/07/2026 17:28:37,09/07/2026 17:28:37,30,54.12,23.30,-8.50
30,1,False,09/07/2026 17:28:37,09/07/2026 17:28:37,30,54.12,23.30,-8.50
30,2,False,09/07/2026 17:28:37,09/07/2026 17:28:38,30,54.12,23.30,-8.50
30,3,False,09/07/2026 17:28:38,09/07/2026 17:28:38,30,54.12,23.30,-8.50
30,4,False,09/07/2026 17:28:38,09/07/2026 17:28:38,30,54.12,23.30,-8.50
30,5,False,09/07/2026 17:28:38,09/07/2026 17:28:38,30,54.12,23.30,-8.50
30,6,False,09/07/2026 17:28:38,09/07/2026 17:28:38,30,54.12,23.30,-8.50
30,7,False,09/07/2026 17:28:38,09/07/2026 17:28:38,30,54.12,23.30,-8.50
30,8,False,09/07/2026 17:28:38,09/07/2026 17:28:38,30,54.12,23.30,-8.50
30,9,False,09/07/2026 17:28:38,09/07/2026 17:28:39,30,54.12,23.30,-8.50
30,10,False,09/07/2026 17:28:39,09/07/2026 17:28:39,30,54.12,23.30,-8.50
30,11,False,09/07/2026 17:28:39,09/07/2026 17:28:39,30,54.12,23.30,-8.50
30,12,False,09/07/2026 17:28:39,09/07/2026 17:28:40,30,54.12,23.30,-8.50
30,13,False,09/07/2026 17:28:40,09/07/2026 17:28:40,30,54.12,23.30,-8.50
30,14,False,09/07/2026 17:28:40,09/07/2026 17:28:41,30,54.12,23.30,-8.50
30,15,False,09/07/2026 17:28:41,09/07/2026 17:28:41,30,54.12,23.30,-8.50
30,16,False,09/07/2026 17:28:41,09/07/2026 17:28:41,30,54.12,23.30,-8.50
30,17,False,09/07/2026 17:28:41,09/07/2026 17:28:43,30,54.12,23.30,-8.50
30,18,False,09/07/2026 17:28:43,09/07/2026 17:28:44,30,54.12,23.30,-8.50
30,19,False,09/07/2026 17:28:44,09/07/2026 17:28:44,30,54.12,23.30,-8.50
30,20,False,09/07/2026 17:28:44,09/07/2026 17:28:46,30,54.12,23.30,-8.50
30,21,False,09/07/2026 17:28:46,09/07/2026 17:28:47,30,54.12,23.30,-8.50
30,22,False,09/07/2026 17:28:47,09/07/2026 17:28:47,30,54.12,23.30,-8.50
30,23,True,09/07/2026 17:28:47,12/31/9999 23:59:59,30,54.12,23.30,-8.50
31,0,False,09/07/2026 17:28:38,09/07/2026 17:28:38,31,51.33,19.53,5.00
31,1,False,09/07/2026 17:28:38,09/07/2026 17:28:38,31,51.33,19.53,5.00
31,2,False,09/07/2026 17:28:38,09/07/2026 17:28:38,31,51.33,19.53,5.00
31,3,False,09/07/2026 17:28:38,09/07/2026 17:28:38,31,51.33,19.53,5.00
31,4,False,09/07/2026 17:28:38,09/07/2026 17:28:38,31,51.33,19.53,5.00
31,5,False,09/07/2026 17:28:38,09/07/2026 17:28:38,31,51.33,19.53,5.00
31,6,False,09/07/2026 17:28:38,09/07/2026 17:28:38,31,51.33,19.53,5.00
31,7,False,09/07/2026 17:28:38,09/07/2026 17:28:38,31,51.33,19.53,5.00
31,8,False,09/07/2026 17:28:38,09/07/2026 17:28:38,31,51.33,19.53,5.00
31,9,False,09/07/2026 17:28:38,09/07/2026 17:28:39,31,51.33,19.53,5.00
31,10,False,09/07/2026 17:28:39,09/07/2026 17:28:39,31,51.33,19.53,5.00
31,11,False,09/07/2026 17:28:39,09/07/2026 17:28:39,31,51.33,19.53,5.00
31,12,False,09/07/2026 17:28:39,09/07/2026 17:28:40,31,51.33,19.53,5.00
31,13,False,09/07/2026 17:28:40,09/07/2026 17:28:40,31,51.33,19.53,5.00
31,14,False,09/07/2026 17:28:40,09/07/2026 17:28:41,31,51.33,19.53,5.00
31,15,False,09/07/2026 17:28:41,09/07/2026 17:28:41,31,51.33,19.53,5.00
31,16,False,09/07/2026 17:28:41,09/07/2026 17:28:41,31,51.33,19.53,5.00
31,17,False,09/07/2026 17:28:41,09/07/2026 17:28:43,31,51.33,19.53,5.00
31,18,False,09/07/2026 17:28:43,09/07/2026 17:28:44,31,51.33,19.53,5.00
31,19,False,09/07/2026 17:28:44,09/07/2026 17:28:44,31,51.33,19.53,5.00
31,20,False,09/07/2026 17:28:44,09/07/2026 17:28:46,31,51.33,19.53,5.00
31,21,False,09/07/2026 17:28:46,09/07/2026 17:28:47,31,51.33,19.53,5.00
31,22,False,09/07/2026 17:28:47,09/07/2026 17:28:47,31,51.33,19.53,5.00
31,23,True,09/07/2026 17:28:47,12/31/9999 23:59:59,31,51.33,19.53,5.00
32,0,False,09/07/2026 17:28:38,09/07/2026 17:28:38,32,51.36,19.10,1.86
32,1,False,09/07/2026 17:28:38,09/07/2026 17:28:38,32,51.36,19.10,1.86
32,2,False,09/07/2026 17:28:38,09/07/2026 17:28:38,32,51.36,19.10,1.86
32,3,False,09/07/2026 17:28:38,09/07/2026 17:28:38,32,51.36,19.10,1.86
32,4,False,09/07/2026 17:28:38,09/07/2026 17:28:38,32,51.36,19.10,1.86
32,5,False,09/07/2026 17:28:38,09/07/2026 17:28:38,32,51.36,19.10,1.86
32,6,False,09/07/2026 17:28:38,09/07/2026 17:28:38,32,51.36,19.10,1.86
32,7,False,09/07/2026 17:28:38,09/07/2026 17:28:38,32,51.36,19.10,1.86
32,8,False,09/07/2026 17:28:38,09/07/2026 17:28:39,32,51.36,19.10,1.86
32,9,False,09/07/2026 17:28:39,09/07/2026 17:28:39,32,51.36,19.10,1.86
32,10,False,09/07/2026 17:28:39,09/07/2026 17:28:39,32,51.36,19.10,1.86
32,11,False,09/07/2026 17:28:39,09/07/2026 17:28:40,32,51.36,19.10,1.86
32,12,False,09/07/2026 17:28:40,09/07/2026 17:28:40,32,51.36,19.10,1.86
32,13,False,09/07/2026 17:28:40,09/07/2026 17:28:41,32,51.36,19.10,1.86
32,14,False,09/07/2026 17:28:41,09/07/2026 17:28:41,32,51.36,19.10,1.86
32,15,False,09/07/2026 17:28:41,09/07/2026 17:28:41,32,51.36,19.10,1.86
32,16,False,09/07/2026 17:28:41,09/07/2026 17:28:43,32,51.36,19.10,1.86
32,17,False,09/07/2026 17:28:43,09/07/2026 17:28:44,32,51.36,19.10,1.86
32,18,False,09/07/2026 17:28:44,09/07/2026 17:28:44,32,51.36,19.10,1.86
32,19,False,09/07/2026 17:28:44,09/07/2026 17:28:46,32,51.36,19.10,1.86
32,20,False,09/07/2026 17:28:46,09/07/2026 17:28:47,32,51.36,19.10,1.86
32,21,False,09/07/2026 17:28:47,09/07/2026 17:28:47,32,51.36,19.10,1.86
32,22,True,09/07/2026 17:28:47,12/31/9999 23:59:59,32,51.36,19.10,1.86
33,0,False,09/07/2026 17:28:38,09/07/2026 17:28:38,33,49.45,17.31,-3.69
33,1,False,09/07/2026 17:28:38,09/07/2026 17:28:38,33,49.45,17.31,-3.69
33,2,False,09/07/2026 17:28:38,09/07/2026 17:28:38,33,49.45,17.31,-3.69
33,3,False,09/07/2026 17:28:38,09/07/2026 17:28:38,33,49.45,17.31,-3.69
33,4,False,09/07/2026 17:28:38,09/07/2026 17:28:39,33,49.45,17.31,-3.69
33,5,False,09/07/2026 17:28:39,09/07/2026 17:28:39,33,49.45,17.31,-3.69
33,6,False,09/07/2026 17:28:39,09/07/2026 17:28:39,33,49.45,17.31,-3.69
33,7,False,09/07/2026 17:28:39,09/07/2026 17:28:39,33,49.45,17.31,-3.69
33,8,False,09/07/2026 17:28:39,09/07/2026 17:28:39,33,49.45,17.31,-3.69
33,9,False,09/07/2026 17:28:39,09/07/2026 17:28:39,33,49.45,17.31,-3.69
33,10,False,09/07/2026 17:28:39,09/07/2026 17:28:39,33,49.45,17.31,-3.69
33,11,False,09/07/2026 17:28:39,09/07/2026 17:28:39,33,49.45,17.31,-3.69
33,12,False,09/07/2026 17:28:39,09/07/2026 17:28:39,33,49.45,17.31,-3.69
33,13,False,09/07/2026 17:28:39,09/07/2026 17:28:39,33,49.45,17.31,-3.69
33,14,False,09/07/2026 17:28:39,09/07/2026 17:28:39,33,49.45,17.31,-3.69
33,15,False,09/07/2026 17:28:39,09/07/2026 17:28:40,33,49.45,17.31,-3.69
33,16,False,09/07/2026 17:28:40,09/07/2026 17:28:40,33,49.45,17.31,-3.69
33,17,False,09/07/2026 17:28:40,09/07/2026 17:28:41,33,49.45,17.31,-3.69
33,18,False,09/07/2026 17:28:41,09/07/2026 17:28:41,33,49.45,17.31,-3.69
33,19,False,09/07/2026 17:28:42,09/07/2026 17:28:42,33,49.45,17.31,-3.69
33,20,False,09/07/2026 17:28:42,09/07/2026 17:28:43,33,49.45,17.31,-3.69
33,21,False,09/07/2026 17:28:43,09/07/2026 17:28:44,33,49.45,17.31,-3.69
33,22,False,09/07/2026 17:28:44,09/07/2026 17:28:44,33,49.45,17.31,-3.69
33,23,False,09/07/2026 17:28:44,09/07/2026 17:28:46,33,49.45,17.31,-3.69
33,24,False,09/07/2026 17:28:46,09/07/2026 17:28:47,33,49.45,17.31,-3.69
33,25,False,09/07/2026 17:28:47,09/07/2026 17:28:47,33,49.45,17.31,-3.69
33,26,True,09/07/2026 17:28:47,12/31/9999 23:59:59,33,49.45,17.31,-3.69
34,0,False,09/07/2026 17:28:39,09/07/2026 17:28:39,34,50.39,16.14,29.87
34,1,False,09/07/2026 17:28:39,09/07/2026 17:28:39,34,50.39,16.14,29.87
34,2,False,09/07/2026 17:28:39,09/07/2026 17:28:39,34,50.39,16.14,29.87
34,3,False,09/07/2026 17:28:39,09/07/2026 17:28:39,34,50.39,16.14,29.87
34,4,False,09/07/2026 17:28:39,09/07/2026 17:28:39,34,50.39,16.14,29.87
34,5,False,09/07/2026 17:28:39,09/07/2026 17:28:39,34,50.39,16.14,29.87
34,6,False,09/07/2026 17:28:39,09/07/2026 17:28:39,34,50.39,16.14,29.87
34,7,False,09/07/2026 17:28:39,09/07/2026 17:28:39,34,50.39,16.14,29.87
34,8,False,09/07/2026 17:28:39,09/07/2026 17:28:40,34,50.39,16.14,29.87
34,9,False,09/07/2026 17:28:40,09/07/2026 17:28:40,34,50.39,16.14,29.87
34,10,False,09/07/2026 17:28:40,09/07/2026 17:28:41,34,50.39,16.14,29.87
34,11,False,09/07/2026 17:28:41,09/07/2026 17:28:42,34,50.39,16.14,29.87
34,12,False,09/07/2026 17:28:42,09/07/2026 17:28:42,34,50.39,16.14,29.87
34,13,False,09/07/2026 17:28:42,09/07/2026 17:28:43,34,50.39,16.14,29.87
34,14,False,09/07/2026 17:28:43,09/07/2026 17:28:44,34,50.39,16.14,29.87
34,15,False,09/07/2026 17:28:44,09/07/2026 17:28:44,34,50.39,16.14,29.87
34,16,False,09/07/2026 17:28:44,09/07/2026 17:28:46,34,50.39,16.14,29.87
34,17,False,09/07/2026 17:28:46,09/07/2026 17:28:47,34,50.39,16.14,29.87
34,18,False,09/07/2026 17:28:47,09/07/2026 17:28:47,34,50.39,16.14,29.87
34,19,True,09/07/2026 17:28:47,12/31/9999 23:59:59,34,50.39,16.14,29.87
35,0,False,09/07/2026 17:28:39,09/07/2026 17:28:39,35,52.58,21.36,-4.21
35,1,False,09/07/2026 17:28:39,09/07/2026 17:28:39,35,52.58,21.36,-4.21
35,2,False,09/07/2026 17:28:39,09/07/2026 17:28:39,35,52.58,21.36,-4.21
35,3,False,09/07/2026 17:28:39,09/07/2026 17:28:39,35,52.58,21.36,-4.21
35,4,False,09/07/2026 17:28:39,09/07/2026 17:28:39,35,52.58,21.36,-4.21
35,5,False,09/07/2026 17:28:39,09/07/2026 17:28:39,35,52.58,21.36,-4.21
35,6,False,09/07/2026 17:28:39,09/07/2026 17:28:39,35,52.58,21.36,-4.21
35,7,False,09/07/2026 17:28:39,09/07/2026 17:28:39,35,52.58,21.36,-4.21
35,8,False,09/07/2026 17:28:39,09/07/2026 17:28:39,35,52.58,21.36,-4.21
35,9,False,09/07/2026 17:28:39,09/07/2026 17:28:39,35,52.58,21.36,-4.21
35,10,False,09/07/2026 17:28:39,09/07/2026 17:28:39,35,52.58,21.36,-4.21
35,11,False,09/07/2026 17:28:39,09/07/2026 17:28:40,35,52.58,21.36,-4.21
35,12,False,09/07/2026 17:28:40,09/07/2026 17:28:40,35,52.58,21.36,-4.21
35,13,False,09/07/2026 17:28:40,09/07/2026 17:28:41,35,52.58,21.36,-4.21
35,14,False,09/07/2026 17:28:41,09/07/2026 17:28:42,35,52.58,21.36,-4.21
35,15,False,09/07/2026 17:28:42,09/07/2026 17:28:42,35,52.58,21.36,-4.21
35,16,False,09/07/2026 17:28:42,09/07/2026 17:28:43,35,52.58,21.36,-4.21
35,17,False,09/07/2026 17:28:43,09/07/2026 17:28:44,35,52.58,21.36,-4.21
35,18,False,09/07/2026 17:28:44,09/07/2026 17:28:44,35,52.58,21.36,-4.21
35,19,False,09/07/2026 17:28:44,09/07/2026 17:28:46,35,52.58,21.36,-4.21
35,20,False,09/07/2026 17:28:46,09/07/2026 17:28:47,35,52.58,21.36,-4.21
35,21,False,09/07/2026 17:28:47,09/07/2026 17:28:47,35,52.58,21.36,-4.21
35,22,True,09/07/2026 17:28:47,12/31/9999 23:59:59,35,52.58,21.36,-4.21
36,0,False,09/07/2026 17:28:39,09/07/2026 17:28:39,36,50.27,18.16,-11.72
36,1,False,09/07/2026 17:28:39,09/07/2026 17:28:39,36,50.27,18.16,-11.72
36,2,False,09/07/2026 17:28:39,09/07/2026 17:28:39,36,50.27,18.16,-11.72
36,3,False,09/07/2026 17:28:39,09/07/2026 17:28:39,36,50.27,18.16,-11.72
36,4,False,09/07/2026 17:28:39,09/07/2026 17:28:39,36,50.27,18.16,-11.72
36,5,False,09/07/2026 17:28:39,09/07/2026 17:28:39,36,50.27,18.16,-11.72
36,6,False,09/07/2026 17:28:39,09/07/2026 17:28:39,36,50.27,18.16,-11.72
36,7,False,09/07/2026 17:28:39,09/07/2026 17:28:39,36,50.27,18.16,-11.72
36,8,False,09/07/2026 17:28:39,09/07/2026 17:28:39,36,50.27,18.16,-11.72
36,9,False,09/07/2026 17:28:39,09/07/2026 17:28:39,36,50.27,18.16,-11.72
36,10,False,09/07/2026 17:28:39,09/07/2026 17:28:39,36,50.27,18.16,-11.72
36,11,False,09/07/2026 17:28:39,09/07/2026 17:28:39,36,50.27,18.16,-11.72
36,12,False,09/07/2026 17:28:39,09/07/2026 17:28:39,36,50.27,18.16,-11.72
36,13,False,09/07/2026 17:28:39,09/07/2026 17:28:39,36,50.27,18.16,-11.72
36,14,False,09/07/2026 17:28:39,09/07/2026 17:28:39,36,50.27,18.16,-11.72
36,15,False,09/07/2026 17:28:39,09/07/2026 17:28:39,36,50.27,18.16,-11.72
36,16,False,09/07/2026 17:28:39,09/07/2026 17:28:40,36,50.27,18.16,-11.72
36,17,False,09/07/2026 17:28:40,09/07/2026 17:28:40,36,50.27,18.16,-11.72
36,18,False,09/07/2026 17:28:40,09/07/2026 17:28:41,36,50.27,18.16,-11.72
36,19,False,09/07/2026 17:28:41,09/07/2026 17:28:42,36,50.27,18.16,-11.72
36,20,False,09/07/2026 17:28:42,09/07/2026 17:28:42,36,50.27,18.16,-11.72
36,21,False,09/07/2026 17:28:42,09/07/2026 17:28:43,36,50.27,18.16,-11.72
36,22,False,09/07/2026 17:28:43,09/07/2026 17:28:44,36,50.27,18.16,-11.72
36,23,False,09/07/2026 17:28:44,09/07/2026 17:28:44,36,50.27,18.16,-11.72
36,24,False,09/07/2026 17:28:44,09/07/2026 17:28:46,36,50.27,18.16,-11.72
36,25,False,09/07/2026 17:28:46,09/07/2026 17:28:47,36,50.27,18.16,-11.72
36,26,False,09/07/2026 17:28:47,09/07/2026 17:28:47,36,50.27,18.16,-11.72
36,27,True,09/07/2026 17:28:47,12/31/9999 23:59:59,36,50.27,18.16,-11.72
37,0,False,09/07/2026 17:28:39,09/07/2026 17:28:39,37,53.21,22.45,11.51
37,1,False,09/07/2026 17:28:39,09/07/2026 17:28:39,37,53.21,22.45,11.51
37,2,False,09/07/2026 17:28:39,09/07/2026 17:28:39,37,53.21,22.45,11.51
37,3,False,09/07/2026 17:28:39,09/07/2026 17:28:39,37,53.21,22.45,11.51
37,4,False,09/07/2026 17:28:39,09/07/2026 17:28:39,37,53.21,22.45,11.51
37,5,False,09/07/2026 17:28:39,09/07/2026 17:28:39,37,53.21,22.45,11.51
37,6,False,09/07/2026 17:28:39,09/07/2026 17:28:39,37,53.21,22.45,11.51
37,7,False,09/07/2026 17:28:39,09/07/2026 17:28:39,37,53.21,22.45,11.51
37,8,False,09/07/2026 17:28:39,09/07/2026 17:28:39,37,53.21,22.45,11.51
37,9,False,09/07/2026 17:28:39,09/07/2026 17:28:39,37,53.21,22.45,11.51
37,10,False,09/07/2026 17:28:39,09/07/2026 17:28:39,37,53.21,22.45,11.51
37,11,False,09/07/2026 17:28:39,09/07/2026 17:28:40,37,53.21,22.45,11.51
37,12,False,09/07/2026 17:28:40,09/07/2026 17:28:40,37,53.21,22.45,11.51
37,13,False,09/07/2026 17:28:40,09/07/2026 17:28:41,37,53.21,22.45,11.51
37,14,False,09/07/2026 17:28:41,09/07/2026 17:28:42,37,53.21,22.45,11.51
37,15,False,09/07/2026 17:28:42,09/07/2026 17:28:42,37,53.21,22.45,11.51
37,16,False,09/07/2026 17:28:42,09/07/2026 17:28:43,37,53.21,22.45,11.51
37,17,False,09/07/2026 17:28:43,09/07/2026 17:28:44,37,53.21,22.45,11.51
37,18,False,09/07/2026 17:28:44,09/07/2026 17:28:44,37,53.21,22.45,11.51
37,19,False,09/07/2026 17:28:44,09/07/2026 17:28:46,37,53.21,22.45,11.51
37,20,False,09/07/2026 17:28:46,09/07/2026 17:28:47,37,53.21,22.45,11.51
37,21,False,09/07/2026 17:28:47,09/07/2026 17:28:47,37,53.21,22.45,11.51
37,22,True,09/07/2026 17:28:47,12/31/9999 23:59:59,37,53.21,22.45,11.51
38,0,False,09/07/2026 17:28:39,09/07/2026 17:28:39,38,53.23,23.07,-0.89
38,1,False,09/07/2026 17:28:39,09/07/2026 17:28:39,38,53.23,23.07,-0.89
38,2,False,09/07/2026 17:28:39,09/07/2026 17:28:39,38,53.23,23.07,-0.89
38,3,False,09/07/2026 17:28:39,09/07/2026 17:28:39,38,53.23,23.07,-0.89
38,4,False,09/07/2026 17:28:39,09/07/2026 17:28:39,38,53.23,23.07,-0.89
38,5,False,09/07/2026 17:28:39,09/07/2026 17:28:39,38,53.23,23.07,-0.89
38,6,False,09/07/2026 17:28:39,09/07/2026 17:28:39,38,53.23,23.07,-0.89
38,7,False,09/07/2026 17:28:39,09/07/2026 17:28:39,38,53.23,23.07,-0.89
38,8,False,09/07/2026 17:28:39,09/07/2026 17:28:39,38,53.23,23.07,-0.89
38,9,False,09/07/2026 17:28:39,09/07/2026 17:28:39,38,53.23,23.07,-0.89
38,10,False,09/07/2026 17:28:39,09/07/2026 17:28:39,38,53.23,23.07,-0.89
38,11,False,09/07/2026 17:28:39,09/07/2026 17:28:39,38,53.23,23.07,-0.89
38,12,False,09/07/2026 17:28:39,09/07/2026 17:28:40,38,53.23,23.07,-0.89
38,13,False,09/07/2026 17:28:40,09/07/2026 17:28:40,38,53.23,23.07,-0.89
38,14,False,09/07/2026 17:28:40,09/07/2026 17:28:41,38,53.23,23.07,-0.89
38,15,False,09/07/2026 17:28:41,09/07/2026 17:28:42,38,53.23,23.07,-0.89
38,16,False,09/07/2026 17:28:42,09/07/2026 17:28:42,38,53.23,23.07,-0.89
38,17,False,09/07/2026 17:28:42,09/07/2026 17:28:43,38,53.23,23.07,-0.89
38,18,False,09/07/2026 17:28:43,09/07/2026 17:28:44,38,53.23,23.07,-0.89
38,19,False,09/07/2026 17:28:44,09/07/2026 17:28:44,38,53.23,23.07,-0.89
38,20,False,09/07/2026 17:28:44,09/07/2026 17:28:46,38,53.23,23.07,-0.89
38,21,False,09/07/2026 17:28:46,09/07/2026 17:28:47,38,53.23,23.07,-0.89
38,22,False,09/07/2026 17:28:47,09/07/2026 17:28:47,38,53.23,23.07,-0.89
38,23,True,09/07/2026 17:28:47,12/31/9999 23:59:59,38,53.23,23.07,-0.89
39,0,False,09/07/2026 17:28:39,09/07/2026 17:28:39,39,53.27,16.32,-28.56
39,1,False,09/07/2026 17:28:39,09/07/2026 17:28:39,39,53.27,16.32,-28.56
39,2,False,09/07/2026 17:28:39,09/07/2026 17:28:39,39,53.27,16.32,-28.56
39,3,False,09/07/2026 17:28:39,09/07/2026 17:28:39,39,53.27,16.32,-28.56
39,4,False,09/07/2026 17:28:39,09/07/2026 17:28:40,39,53.27,16.32,-28.56
39,5,False,09/07/2026 17:28:40,09/07/2026 17:28:40,39,53.27,16.32,-28.56
39,6,False,09/07/2026 17:28:40,09/07/2026 17:28:40,39,53.27,16.32,-28.56
39,7,False,09/07/2026 17:28:40,09/07/2026 17:28:40,39,53.27,16.32,-28.56
39,8,False,09/07/2026 17:28:40,09/07/2026 17:28:40,39,53.27,16.32,-28.56
39,9,False,09/07/2026 17:28:40,09/07/2026 17:28:40,39,53.27,16.32,-28.56
39,10,False,09/07/2026 17:28:40,09/07/2026 17:28:40,39,53.27,16.32,-28.56
39,11,False,09/07/2026 17:28:40,09/07/2026 17:28:40,39,53.27,16.32,-28.56
39,12,False,09/07/2026 17:28:40,09/07/2026 17:28:41,39,53.27,16.32,-28.56
39,13,False,09/07/2026 17:28:41,09/07/2026 17:28:42,39,53.27,16.32,-28.56
39,14,False,09/07/2026 17:28:42,09/07/2026 17:28:42,39,53.27,16.32,-28.56
39,15,False,09/07/2026 17:28:42,09/07/2026 17:28:43,39,53.27,16.32,-28.56
39,16,False,09/07/2026 17:28:43,09/07/2026 17:28:44,39,53.27,16.32,-28.56
39,17,False,09/07/2026 17:28:44,09/07/2026 17:28:44,39,53.27,16.32,-28.56
39,18,False,09/07/2026 17:28:44,09/07/2026 17:28:46,39,53.27,16.32,-28.56
39,19,False,09/07/2026 17:28:46,09/07/2026 17:28:47,39,53.27,16.32,-28.56
39,20,False,09/07/2026 17:28:47,09/07/2026 17:28:47,39,53.27,16.32,-28.56
39,21,True,09/07/2026 17:28:47,12/31/9999 23:59:59,39,53.27,16.32,-28.56
40,0,False,09/07/2026 17:28:39,09/07/2026 17:28:39,40,52.35,20.23,-4.96
40,1,False,09/07/2026 17:28:39,09/07/2026 17:28:39,40,52.35,20.23,-4.96
40,2,False,09/07/2026 17:28:39,09/07/2026 17:28:39,40,52.35,20.23,-4.96
40,3,False,09/07/2026 17:28:39,09/07/2026 17:28:39,40,52.35,20.23,-4.96
40,4,False,09/07/2026 17:28:39,09/07/2026 17:28:39,40,52.35,20.23,-4.96
40,5,False,09/07/2026 17:28:39,09/07/2026 17:28:39,40,52.35,20.23,-4.96
40,6,False,09/07/2026 17:28:39,09/07/2026 17:28:40,40,52.35,20.23,-4.96
40,7,False,09/07/2026 17:28:40,09/07/2026 17:28:40,40,52.35,20.23,-4.96
40,8,False,09/07/2026 17:28:40,09/07/2026 17:28:40,40,52.35,20.23,-4.96
40,9,False,09/07/2026 17:28:40,09/07/2026 17:28:40,40,52.35,20.23,-4.96
40,10,False,09/07/2026 17:28:40,09/07/2026 17:28:40,40,52.35,20.23,-4.96
40,11,False,09/07/2026 17:28:40,09/07/2026 17:28:40,40,52.35,20.23,-4.96
40,12,False,09/07/2026 17:28:40,09/07/2026 17:28:40,40,52.35,20.23,-4.96
40,13,False,09/07/2026 17:28:40,09/07/2026 17:28:40,40,52.35,20.23,-4.96
40,14,False,09/07/2026 17:28:40,09/07/2026 17:28:41,40,52.35,20.23,-4.96
40,15,False,09/07/2026 17:28:41,09/07/2026 17:28:42,40,52.35,20.23,-4.96
40,16,False,09/07/2026 17:28:42,09/07/2026 17:28:42,40,52.35,20.23,-4.96
40,17,False,09/07/2026 17:28:42,09/07/2026 17:28:43,40,52.35,20.23,-4.96
40,18,False,09/07/2026 17:28:43,09/07/2026 17:28:44,40,52.35,20.23,-4.96
40,19,False,09/07/2026 17:28:44,09/07/2026 17:28:44,40,52.35,20.23,-4.96
40,20,False,09/07/2026 17:28:44,09/07/2026 17:28:46,40,52.35,20.23,-4.96
40,21,False,09/07/2026 17:28:46,09/07/2026 17:28:47,40,52.35,20.23,-4.96
40,22,False,09/07/2026 17:28:47,09/07/2026 17:28:47,40,52.35,20.23,-4.96
40,23,True,09/07/2026 17:28:47,12/31/9999 23:59:59,40,52.35,20.23,-4.96
41,0,False,09/07/2026 17:28:39,09/07/2026 17:28:39,41,53.07,23.38,12.10
41,1,False,09/07/2026 17:28:39,09/07/2026 17:28:39,41,53.07,23.38,12.10
41,2,False,09/07/2026 17:28:39,09/07/2026 17:28:40,41,53.07,23.38,12.10
41,3,False,09/07/2026 17:28:40,09/07/2026 17:28:40,41,53.07,23.38,12.10
41,4,False,09/07/2026 17:28:40,09/07/2026 17:28:40,41,53.07,23.38,12.10
41,5,False,09/07/2026 17:28:40,09/07/2026 17:28:40,41,53.07,23.38,12.10
41,6,False,09/07/2026 17:28:40,09/07/2026 17:28:40,41,53.07,23.38,12.10
41,7,False,09/07/2026 17:28:40,09/07/2026 17:28:40,41,53.07,23.38,12.10
41,8,False,09/07/2026 17:28:40,09/07/2026 17:28:40,41,53.07,23.38,12.10
41,9,False,09/07/2026 17:28:40,09/07/2026 17:28:40,41,53.07,23.38,12.10
41,10,False,09/07/2026 17:28:40,09/07/2026 17:28:40,41,53.07,23.38,12.10
41,11,False,09/07/2026 17:28:40,09/07/2026 17:28:40,41,53.07,23.38,12.10
41,12,False,09/07/2026 17:28:40,09/07/2026 17:28:40,41,53.07,23.38,12.10
41,13,False,09/07/2026 17:28:40,09/07/2026 17:28:40,41,53.07,23.38,12.10
41,14,False,09/07/2026 17:28:40,09/07/2026 17:28:41,41,53.07,23.38,12.10
41,15,False,09/07/2026 17:28:41,09/07/2026 17:28:42,41,53.07,23.38,12.10
41,16,False,09/07/2026 17:28:42,09/07/2026 17:28:42,41,53.07,23.38,12.10
41,17,False,09/07/2026 17:28:42,09/07/2026 17:28:43,41,53.07,23.38,12.10
41,18,False,09/07/2026 17:28:43,09/07/2026 17:28:44,41,53.07,23.38,12.10
41,19,False,09/07/2026 17:28:44,09/07/2026 17:28:44,41,53.07,23.38,12.10
41,20,False,09/07/2026 17:28:44,09/07/2026 17:28:46,41,53.07,23.38,12.10
41,21,False,09/07/2026 17:28:46,09/07/2026 17:28:47,41,53.07,23.38,12.10
41,22,False,09/07/2026 17:28:47,09/07/2026 17:28:47,41,53.07,23.38,12.10
41,23,True,09/07/2026 17:28:47,12/31/9999 23:59:59,41,53.07,23.38,12.10
42,0,False,09/07/2026 17:28:40,09/07/2026 17:28:40,42,50.42,19.22,2.09
42,1,False,09/07/2026 17:28:40,09/07/2026 17:28:40,42,50.42,19.22,2.09
42,2,False,09/07/2026 17:28:40,09/07/2026 17:28:40,42,50.42,19.22,2.09
42,3,False,09/07/2026 17:28:40,09/07/2026 17:28:40,42,50.42,19.22,2.09
42,4,False,09/07/2026 17:28:40,09/07/2026 17:28:40,42,50.42,19.22,2.09
42,5,False,09/07/2026 17:28:40,09/07/2026 17:28:40,42,50.42,19.22,2.09
42,6,False,09/07/2026 17:28:40,09/07/2026 17:28:40,42,50.42,19.22,2.09
42,7,False,09/07/2026 17:28:40,09/07/2026 17:28:40,42,50.42,19.22,2.09
42,8,False,09/07/2026 17:28:40,09/07/2026 17:28:40,42,50.42,19.22,2.09
42,9,False,09/07/2026 17:28:40,09/07/2026 17:28:40,42,50.42,19.22,2.09
42,10,False,09/07/2026 17:28:40,09/07/2026 17:28:40,42,50.42,19.22,2.09
42,11,False,09/07/2026 17:28:40,09/07/2026 17:28:40,42,50.42,19.22,2.09
42,12,False,09/07/2026 17:28:40,09/07/2026 17:28:40,42,50.42,19.22,2.09
42,13,False,09/07/2026 17:28:40,09/07/2026 17:28:41,42,50.42,19.22,2.09
42,14,False,09/07/2026 17:28:41,09/07/2026 17:28:42,42,50.42,19.22,2.09
42,15,False,09/07/2026 17:28:42,09/07/2026 17:28:42,42,50.42,19.22,2.09
42,16,False,09/07/2026 17:28:42,09/07/2026 17:28:43,42,50.42,19.22,2.09
42,17,False,09/07/2026 17:28:43,09/07/2026 17:28:44,42,50.42,19.22,2.09
42,18,False,09/07/2026 17:28:44,09/07/2026 17:28:44,42,50.42,19.22,2.09
42,19,False,09/07/2026 17:28:44,09/07/2026 17:28:46,42,50.42,19.22,2.09
42,20,False,09/07/2026 17:28:46,09/07/2026 17:28:47,42,50.42,19.22,2.09
42,21,False,09/07/2026 17:28:47,09/07/2026 17:28:47,42,50.42,19.22,2.09
42,22,True,09/07/2026 17:28:47,12/31/9999 23:59:59,42,50.42,19.22,2.09
43,0,False,09/07/2026 17:28:40,09/07/2026 17:28:40,43,53.25,23.28,-1.59
43,1,False,09/07/2026 17:28:40,09/07/2026 17:28:40,43,53.25,23.28,-1.59
43,2,False,09/07/2026 17:28:40,09/07/2026 17:28:40,43,53.25,23.28,-1.59
43,3,False,09/07/2026 17:28:40,09/07/2026 17:28:40,43,53.25,23.28,-1.59
43,4,False,09/07/2026 17:28:40,09/07/2026 17:28:40,43,53.25,23.28,-1.59
43,5,False,09/07/2026 17:28:40,09/07/2026 17:28:40,43,53.25,23.28,-1.59
43,6,False,09/07/2026 17:28:40,09/07/2026 17:28:40,43,53.25,23.28,-1.59
43,7,False,09/07/2026 17:28:40,09/07/2026 17:28:41,43,53.25,23.28,-1.59
43,8,False,09/07/2026 17:28:41,09/07/2026 17:28:42,43,53.25,23.28,-1.59
43,9,False,09/07/2026 17:28:42,09/07/2026 17:28:42,43,53.25,23.28,-1.59
43,10,False,09/07/2026 17:28:42,09/07/2026 17:28:43,43,53.25,23.28,-1.59
43,11,False,09/07/2026 17:28:43,09/07/2026 17:28:44,43,53.25,23.28,-1.59
43,12,False,09/07/2026 17:28:44,09/07/2026 17:28:44,43,53.25,23.28,-1.59
43,13,False,09/07/2026 17:28:44,09/07/2026 17:28:46,43,53.25,23.28,-1.59
43,14,False,09/07/2026 17:28:46,09/07/2026 17:28:47,43,53.25,23.28,-1.59
43,15,False,09/07/2026 17:28:47,09/07/2026 17:28:47,43,53.25,23.28,-1.59
43,16,True,09/07/2026 17:28:47,12/31/9999 23:59:59,43,53.25,23.28,-1.59
44,0,False,09/07/2026 17:28:40,09/07/2026 17:28:40,44,53.01,18.34,-25.99
44,1,False,09/07/2026 17:28:40,09/07/2026 17:28:40,44,53.01,18.34,-25.99
44,2,False,09/07/2026 17:28:40,09/07/2026 17:28:40,44,53.01,18.34,-25.99
44,3,False,09/07/2026 17:28:40,09/07/2026 17:28:41,44,53.01,18.34,-25.99
44,4,False,09/07/2026 17:28:41,09/07/2026 17:28:42,44,53.01,18.34,-25.99
44,5,False,09/07/2026 17:28:42,09/07/2026 17:28:42,44,53.01,18.34,-25.99
44,6,False,09/07/2026 17:28:42,09/07/2026 17:28:43,44,53.01,18.34,-25.99
44,7,False,09/07/2026 17:28:43,09/07/2026 17:28:44,44,53.01,18.34,-25.99
44,8,False,09/07/2026 17:28:44,09/07/2026 17:28:44,44,53.01,18.34,-25.99
44,9,False,09/07/2026 17:28:44,09/07/2026 17:28:46,44,53.01,18.34,-25.99
44,10,False,09/07/2026 17:28:46,09/07/2026 17:28:47,44,53.01,18.34,-25.99
44,11,False,09/07/2026 17:28:47,09/07/2026 17:28:47,44,53.01,18.34,-25.99
44,12,True,09/07/2026 17:28:47,12/31/9999 23:59:59,44,53.01,18.34,-25.99
45,0,False,09/07/2026 17:28:40,09/07/2026 17:28:40,45,49.11,21.53,-6.78
45,1,False,09/07/2026 17:28:40,09/07/2026 17:28:40,45,49.11,21.53,-6.78
45,2,False,09/07/2026 17:28:40,09/07/2026 17:28:40,45,49.11,21.53,-6.78
45,3,False,09/07/2026 17:28:40,09/07/2026 17:28:40,45,49.11,21.53,-6.78
45,4,False,09/07/2026 17:28:40,09/07/2026 17:28:40,45,49.11,21.53,-6.78
45,5,False,09/07/2026 17:28:40,09/07/2026 17:28:40,45,49.11,21.53,-6.78
45,6,False,09/07/2026 17:28:40,09/07/2026 17:28:40,45,49.11,21.53,-6.78
45,7,False,09/07/2026 17:28:40,09/07/2026 17:28:41,45,49.11,21.53,-6.78
45,8,False,09/07/2026 17:28:41,09/07/2026 17:28:42,45,49.11,21.53,-6.78
45,9,False,09/07/2026 17:28:42,09/07/2026 17:28:42,45,49.11,21.53,-6.78
45,10,False,09/07/2026 17:28:42,09/07/2026 17:28:43,45,49.11,21.53,-6.78
45,11,False,09/07/2026 17:28:43,09/07/2026 17:28:44,45,49.11,21.53,-6.78
45,12,False,09/07/2026 17:28:44,09/07/2026 17:28:44,45,49.11,21.53,-6.78
45,13,False,09/07/2026 17:28:44,09/07/2026 17:28:46,45,49.11,21.53,-6.78
45,14,False,09/07/2026 17:28:46,09/07/2026 17:28:47,45,49.11,21.53,-6.78
45,15,False,09/07/2026 17:28:47,09/07/2026 17:28:47,45,49.11,21.53,-6.78
45,16,True,09/07/2026 17:28:47,12/31/9999 23:59:59,45,49.11,21.53,-6.78
46,0,False,09/07/2026 17:28:40,09/07/2026 17:28:40,46,52.39,20.17,-21.23
46,1,False,09/07/2026 17:28:40,09/07/2026 17:28:40,46,52.39,20.17,-21.23
46,2,False,09/07/2026 17:28:40,09/07/2026 17:28:40,46,52.39,20.17,-21.23
46,3,False,09/07/2026 17:28:40,09/07/2026 17:28:40,46,52.39,20.17,-21.23
46,4,False,09/07/2026 17:28:40,09/07/2026 17:28:41,46,52.39,20.17,-21.23
46,5,False,09/07/2026 17:28:41,09/07/2026 17:28:42,46,52.39,20.17,-21.23
46,6,False,09/07/2026 17:28:42,09/07/2026 17:28:42,46,52.39,20.17,-21.23
46,7,False,09/07/2026 17:28:42,09/07/2026 17:28:43,46,52.39,20.17,-21.23
46,8,False,09/07/2026 17:28:43,09/07/2026 17:28:44,46,52.39,20.17,-21.23
46,9,False,09/07/2026 17:28:44,09/07/2026 17:28:44,46,52.39,20.17,-21.23
46,10,False,09/07/2026 17:28:44,09/07/2026 17:28:46,46,52.39,20.17,-21.23
46,11,False,09/07/2026 17:28:46,09/07/2026 17:28:47,46,52.39,20.17,-21.23
46,12,False,09/07/2026 17:28:47,09/07/2026 17:28:47,46,52.39,20.17,-21.23
46,13,True,09/07/2026 17:28:47,12/31/9999 23:59:59,46,52.39,20.17,-21.23
47,0,False,09/07/2026 17:28:40,09/07/2026 17:28:40,47,51.58,16.53,7.63
47,1,False,09/07/2026 17:28:40,09/07/2026 17:28:40,47,51.58,16.53,7.63
47,2,False,09/07/2026 17:28:40,09/07/2026 17:28:40,47,51.58,16.53,7.63
47,3,False,09/07/2026 17:28:40,09/07/2026 17:28:40,47,51.58,16.53,7.63
47,4,False,09/07/2026 17:28:40,09/07/2026 17:28:40,47,51.58,16.53,7.63
47,5,False,09/07/2026 17:28:40,09/07/2026 17:28:40,47,51.58,16.53,7.63
47,6,False,09/07/2026 17:28:40,09/07/2026 17:28:40,47,51.58,16.53,7.63
47,7,False,09/07/2026 17:28:40,09/07/2026 17:28:40,47,51.58,16.53,7.63
47,8,False,09/07/2026 17:28:40,09/07/2026 17:28:41,47,51.58,16.53,7.63
47,9,False,09/07/2026 17:28:41,09/07/2026 17:28:42,47,51.58,16.53,7.63
47,10,False,09/07/2026 17:28:42,09/07/2026 17:28:42,47,51.58,16.53,7.63
47,11,False,09/07/2026 17:28:42,09/07/2026 17:28:43,47,51.58,16.53,7.63
47,12,False,09/07/2026 17:28:43,09/07/2026 17:28:44,47,51.58,16.53,7.63
47,13,False,09/07/2026 17:28:44,09/07/2026 17:28:44,47,51.58,16.53,7.63
47,14,False,09/07/2026 17:28:44,09/07/2026 17:28:46,47,51.58,16.53,7.63
47,15,False,09/07/2026 17:28:46,09/07/2026 17:28:47,47,51.58,16.53,7.63
47,16,False,09/07/2026 17:28:47,09/07/2026 17:28:47,47,51.58,16.53,7.63
47,17,True,09/07/2026 17:28:47,12/31/9999 23:59:59,47,51.58,16.53,7.63
48,0,False,09/07/2026 17:28:40,09/07/2026 17:28:40,48,50.05,17.39,-5.05
48,1,False,09/07/2026 17:28:40,09/07/2026 17:28:40,48,50.05,17.39,-5.05
48,2,False,09/07/2026 17:28:40,09/07/2026 17:28:40,48,50.05,17.39,-5.05
48,3,False,09/07/2026 17:28:40,09/07/2026 17:28:40,48,50.05,17.39,-5.05
48,4,False,09/07/2026 17:28:40,09/07/2026 17:28:41,48,50.05,17.39,-5.05
48,5,False,09/07/2026 17:28:41,09/07/2026 17:28:41,48,50.05,17.39,-5.05
48,6,False,09/07/2026 17:28:41,09/07/2026 17:28:41,48,50.05,17.39,-5.05
48,7,False,09/07/2026 17:28:41,09/07/2026 17:28:41,48,50.05,17.39,-5.05
48,8,False,09/07/2026 17:28:41,09/07/2026 17:28:42,48,50.05,17.39,-5.05
48,9,False,09/07/2026 17:28:42,09/07/2026 17:28:42,48,50.05,17.39,-5.05
48,10,False,09/07/2026 17:28:42,09/07/2026 17:28:43,48,50.05,17.39,-5.05
48,11,False,09/07/2026 17:28:43,09/07/2026 17:28:44,48,50.05,17.39,-5.05
48,12,False,09/07/2026 17:28:44,09/07/2026 17:28:44,48,50.05,17.39,-5.05
48,13,False,09/07/2026 17:28:44,09/07/2026 17:28:46,48,50.05,17.39,-5.05
48,14,False,09/07/2026 17:28:46,09/07/2026 17:28:47,48,50.05,17.39,-5.05
48,15,False,09/07/2026 17:28:47,09/07/2026 17:28:47,48,50.05,17.39,-5.05
48,16,True,09/07/2026 17:28:47,12/31/9999 23:59:59,48,50.05,17.39,-5.05
49,0,False,09/07/2026 17:28:40,09/07/2026 17:28:40,49,49.02,17.24,18.35
49,1,False,09/07/2026 17:28:40,09/07/2026 17:28:40,49,49.02,17.24,18.35
49,2,False,09/07/2026 17:28:40,09/07/2026 17:28:40,49,49.02,17.24,18.35
49,3,False,09/07/2026 17:28:40,09/07/2026 17:28:40,49,49.02,17.24,18.35
49,4,False,09/07/2026 17:28:40,09/07/2026 17:28:40,49,49.02,17.24,18.35
49,5,False,09/07/2026 17:28:40,09/07/2026 17:28:41,49,49.02,17.24,18.35
49,6,False,09/07/2026 17:28:41,09/07/2026 17:28:41,49,49.02,17.24,18.35
49,7,False,09/07/2026 17:28:41,09/07/2026 17:28:41,49,49.02,17.24,18.35
49,8,False,09/07/2026 17:28:41,09/07/2026 17:28:41,49,49.02,17.24,18.35
49,9,False,09/07/2026 17:28:41,09/07/2026 17:28:42,49,49.02,17.24,18.35
49,10,False,09/07/2026 17:28:42,09/07/2026 17:28:42,49,49.02,17.24,18.35
49,11,False,09/07/2026 17:28:42,09/07/2026 17:28:43,49,49.02,17.24,18.35
49,12,False,09/07/2026 17:28:43,09/07/2026 17:28:44,49,49.02,17.24,18.35
49,13,False,09/07/2026 17:28:44,09/07/2026 17:28:44,49,49.02,17.24,18.35
49,14,False,09/07/2026 17:28:44,09/07/2026 17:28:46,49,49.02,17.24,18.35
49,15,False,09/07/2026 17:28:46,09/07/2026 17:28:47,49,49.02,17.24,18.35
49,16,False,09/07/2026 17:28:47,09/07/2026 17:28:47,49,49.02,17.24,18.35
49,17,True,09/07/2026 17:28:47,12/31/9999 23:59:59,49,49.02,17.24,18.35
50,0,False,09/07/2026 17:28:40,09/07/2026 17:28:40,50,53.42,18.47,4.26
50,1,False,09/07/2026 17:28:40,09/07/2026 17:28:40,50,53.42,18.47,4.26
50,2,False,09/07/2026 17:28:40,09/07/2026 17:28:40,50,53.42,18.47,4.26
50,3,False,09/07/2026 17:28:40,09/07/2026 17:28:40,50,53.42,18.47,4.26
50,4,False,09/07/2026 17:28:40,09/07/2026 17:28:40,50,53.42,18.47,4.26
50,5,False,09/07/2026 17:28:40,09/07/2026 17:28:40,50,53.42,18.47,4.26
50,6,False,09/07/2026 17:28:40,09/07/2026 17:28:41,50,53.42,18.47,4.26
50,7,False,09/07/2026 17:28:41,09/07/2026 17:28:41,50,53.42,18.47,4.26
50,8,False,09/07/2026 17:28:41,09/07/2026 17:28:41,50,53.42,18.47,4.26
50,9,False,09/07/2026 17:28:41,09/07/2026 17:28:41,50,53.42,18.47,4.26
50,10,False,09/07/2026 17:28:41,09/07/2026 17:28:42,50,53.42,18.47,4.26
50,11,False,09/07/2026 17:28:42,09/07/2026 17:28:42,50,53.42,18.47,4.26
50,12,False,09/07/2026 17:28:42,09/07/2026 17:28:43,50,53.42,18.47,4.26
50,13,False,09/07/2026 17:28:43,09/07/2026 17:28:44,50,53.42,18.47,4.26
50,14,False,09/07/2026 17:28:44,09/07/2026 17:28:44,50,53.42,18.47,4.26
50,15,False,09/07/2026 17:28:44,09/07/2026 17:28:46,50,53.42,18.47,4.26
50,16,False,09/07/2026 17:28:46,09/07/2026 17:28:47,50,53.42,18.47,4.26
50,17,False,09/07/2026 17:28:47,09/07/2026 17:28:47,50,53.42,18.47,4.26
50,18,True,09/07/2026 17:28:47,12/31/9999 23:59:59,50,53.42,18.47,4.26
51,0,False,09/07/2026 17:28:40,09/07/2026 17:28:40,51,52.57,16.14,1.41
51,1,False,09/07/2026 17:28:40,09/07/2026 17:28:40,51,52.57,16.14,1.41
51,2,False,09/07/2026 17:28:40,09/07/2026 17:28:40,51,52.57,16.14,1.41
51,3,False,09/07/2026 17:28:40,09/07/2026 17:28:41,51,52.57,16.14,1.41
51,4,False,09/07/2026 17:28:41,09/07/2026 17:28:41,51,52.57,16.14,1.41
51,5,False,09/07/2026 17:28:41,09/07/2026 17:28:41,51,52.57,16.14,1.41
51,6,False,09/07/2026 17:28:41,09/07/2026 17:28:41,51,52.57,16.14,1.41
51,7,False,09/07/2026 17:28:41,09/07/2026 17:28:41,51,52.57,16.14,1.41
51,8,False,09/07/2026 17:28:41,09/07/2026 17:28:41,51,52.57,16.14,1.41
51,9,False,09/07/2026 17:28:41,09/07/2026 17:28:41,51,52.57,16.14,1.41
51,10,False,09/07/2026 17:28:41,09/07/2026 17:28:41,51,52.57,16.14,1.41
51,11,False,09/07/2026 17:28:41,09/07/2026 17:28:41,51,52.57,16.14,1.41
51,12,False,09/07/2026 17:28:41,09/07/2026 17:28:41,51,52.57,16.14,1.41
51,13,False,09/07/2026 17:28:41,09/07/2026 17:28:41,51,52.57,16.14,1.41
51,14,False,09/07/2026 17:28:41,09/07/2026 17:28:41,51,52.57,16.14,1.41
51,15,False,09/07/2026 17:28:41,09/07/2026 17:28:41,51,52.57,16.14,1.41
51,16,False,09/07/2026 17:28:41,09/07/2026 17:28:42,51,52.57,16.14,1.41
51,17,False,09/07/2026 17:28:42,09/07/2026 17:28:42,51,52.57,16.14,1.41
51,18,False,09/07/2026 17:28:42,09/07/2026 17:28:43,51,52.57,16.14,1.41
51,19,False,09/07/2026 17:28:43,09/07/2026 17:28:44,51,52.57,16.14,1.41
51,20,False,09/07/2026 17:28:44,09/07/2026 17:28:44,51,52.57,16.14,1.41
51,21,False,09/07/2026 17:28:44,09/07/2026 17:28:46,51,52.57,16.14,1.41
51,22,False,09/07/2026 17:28:46,09/07/2026 17:28:47,51,52.57,16.14,1.41
51,23,False,09/07/2026 17:28:47,09/07/2026 17:28:47,51,52.57,16.14,1.41
51,24,True,09/07/2026 17:28:47,12/31/9999 23:59:59,51,52.57,16.14,1.41
52,0,False,09/07/2026 17:28:41,09/07/2026 17:28:41,52,50.11,17.47,27.52
52,1,False,09/07/2026 17:28:41,09/07/2026 17:28:41,52,50.11,17.47,27.52
52,2,False,09/07/2026 17:28:41,09/07/2026 17:28:41,52,50.11,17.47,27.52
52,3,False,09/07/2026 17:28:41,09/07/2026 17:28:41,52,50.11,17.47,27.52
52,4,False,09/07/2026 17:28:41,09/07/2026 17:28:41,52,50.11,17.47,27.52
52,5,False,09/07/2026 17:28:41,09/07/2026 17:28:41,52,50.11,17.47,27.52
52,6,False,09/07/2026 17:28:41,09/07/2026 17:28:41,52,50.11,17.47,27.52
52,7,False,09/07/2026 17:28:41,09/07/2026 17:28:41,52,50.11,17.47,27.52
52,8,False,09/07/2026 17:28:41,09/07/2026 17:28:41,52,50.11,17.47,27.52
52,9,False,09/07/2026 17:28:41,09/07/2026 17:28:41,52,50.11,17.47,27.52
52,10,False,09/07/2026 17:28:41,09/07/2026 17:28:41,52,50.11,17.47,27.52
52,11,False,09/07/2026 17:28:41,09/07/2026 17:28:41,52,50.11,17.47,27.52
52,12,False,09/07/2026 17:28:41,09/07/2026 17:28:41,52,50.11,17.47,27.52
52,13,False,09/07/2026 17:28:41,09/07/2026 17:28:42,52,50.11,17.47,27.52
52,14,False,09/07/2026 17:28:42,09/07/2026 17:28:42,52,50.11,17.47,27.52
52,15,False,09/07/2026 17:28:42,09/07/2026 17:28:43,52,50.11,17.47,27.52
52,16,False,09/07/2026 17:28:43,09/07/2026 17:28:44,52,50.11,17.47,27.52
52,17,False,09/07/2026 17:28:44,09/07/2026 17:28:44,52,50.11,17.47,27.52
52,18,False,09/07/2026 17:28:44,09/07/2026 17:28:46,52,50.11,17.47,27.52
52,19,False,09/07/2026 17:28:46,09/07/2026 17:28:47,52,50.11,17.47,27.52
52,20,False,09/07/2026 17:28:47,09/07/2026 17:28:47,52,50.11,17.47,27.52
52,21,True,09/07/2026 17:28:47,12/31/9999 23:59:59,52,50.11,17.47,27.52
53,0,False,09/07/2026 17:28:41,09/07/2026 17:28:41,53,50.07,21.17,4.52
53,1,False,09/07/2026 17:28:41,09/07/2026 17:28:41,53,50.07,21.17,4.52
53,2,False,09/07/2026 17:28:41,09/07/2026 17:28:41,53,50.07,21.17,4.52
53,3,False,09/07/2026 17:28:41,09/07/2026 17:28:41,53,50.07,21.17,4.52
53,4,False,09/07/2026 17:28:41,09/07/2026 17:28:41,53,50.07,21.17,4.52
53,5,False,09/07/2026 17:28:41,09/07/2026 17:28:41,53,50.07,21.17,4.52
53,6,False,09/07/2026 17:28:41,09/07/2026 17:28:41,53,50.07,21.17,4.52
53,7,False,09/07/2026 17:28:41,09/07/2026 17:28:41,53,50.07,21.17,4.52
53,8,False,09/07/2026 17:28:41,09/07/2026 17:28:41,53,50.07,21.17,4.52
53,9,False,09/07/2026 17:28:41,09/07/2026 17:28:41,53,50.07,21.17,4.52
53,10,False,09/07/2026 17:28:41,09/07/2026 17:28:42,53,50.07,21.17,4.52
53,11,False,09/07/2026 17:28:42,09/07/2026 17:28:42,53,50.07,21.17,4.52
53,12,False,09/07/2026 17:28:42,09/07/2026 17:28:43,53,50.07,21.17,4.52
53,13,False,09/07/2026 17:28:43,09/07/2026 17:28:44,53,50.07,21.17,4.52
53,14,False,09/07/2026 17:28:44,09/07/2026 17:28:44,53,50.07,21.17,4.52
53,15,False,09/07/2026 17:28:44,09/07/2026 17:28:46,53,50.07,21.17,4.52
53,16,False,09/07/2026 17:28:46,09/07/2026 17:28:47,53,50.07,21.17,4.52
53,17,False,09/07/2026 17:28:47,09/07/2026 17:28:47,53,50.07,21.17,4.52
53,18,True,09/07/2026 17:28:47,12/31/9999 23:59:59,53,50.07,21.17,4.52
54,0,False,09/07/2026 17:28:41,09/07/2026 17:28:41,54,51.25,20.12,4.26
54,1,False,09/07/2026 17:28:41,09/07/2026 17:28:41,54,51.25,20.12,4.26
54,2,False,09/07/2026 17:28:41,09/07/2026 17:28:41,54,51.25,20.12,4.26
54,3,False,09/07/2026 17:28:41,09/07/2026 17:28:41,54,51.25,20.12,4.26
54,4,False,09/07/2026 17:28:41,09/07/2026 17:28:41,54,51.25,20.12,4.26
54,5,False,09/07/2026 17:28:41,09/07/2026 17:28:41,54,51.25,20.12,4.26
54,6,False,09/07/2026 17:28:41,09/07/2026 17:28:41,54,51.25,20.12,4.26
54,7,False,09/07/2026 17:28:41,09/07/2026 17:28:41,54,51.25,20.12,4.26
54,8,False,09/07/2026 17:28:41,09/07/2026 17:28:41,54,51.25,20.12,4.26
54,9,False,09/07/2026 17:28:41,09/07/2026 17:28:41,54,51.25,20.12,4.26
54,10,False,09/07/2026 17:28:41,09/07/2026 17:28:41,54,51.25,20.12,4.26
54,11,False,09/07/2026 17:28:41,09/07/2026 17:28:41,54,51.25,20.12,4.26
54,12,False,09/07/2026 17:28:41,09/07/2026 17:28:41,54,51.25,20.12,4.26
54,13,False,09/07/2026 17:28:41,09/07/2026 17:28:41,54,51.25,20.12,4.26
54,14,False,09/07/2026 17:28:41,09/07/2026 17:28:42,54,51.25,20.12,4.26
54,15,False,09/07/2026 17:28:42,09/07/2026 17:28:42,54,51.25,20.12,4.26
54,16,False,09/07/2026 17:28:42,09/07/2026 17:28:42,54,51.25,20.12,4.26
54,17,False,09/07/2026 17:28:42,09/07/2026 17:28:42,54,51.25,20.12,4.26
54,18,False,09/07/2026 17:28:42,09/07/2026 17:28:42,54,51.25,20.12,4.26
54,19,False,09/07/2026 17:28:42,09/07/2026 17:28:43,54,51.25,20.12,4.26
54,20,False,09/07/2026 17:28:43,09/07/2026 17:28:44,54,51.25,20.12,4.26
54,21,False,09/07/2026 17:28:44,09/07/2026 17:28:44,54,51.25,20.12,4.26
54,22,False,09/07/2026 17:28:44,09/07/2026 17:28:46,54,51.25,20.12,4.26
54,23,False,09/07/2026 17:28:46,09/07/2026 17:28:47,54,51.25,20.12,4.26
54,24,False,09/07/2026 17:28:47,09/07/2026 17:28:47,54,51.25,20.12,4.26
54,25,True,09/07/2026 17:28:47,12/31/9999 23:59:59,54,51.25,20.12,4.26
55,0,False,09/07/2026 17:28:41,09/07/2026 17:28:41,55,50.50,18.52,8.21
55,1,False,09/07/2026 17:28:41,09/07/2026 17:28:41,55,50.50,18.52,8.21
55,2,False,09/07/2026 17:28:41,09/07/2026 17:28:41,55,50.50,18.52,8.21
55,3,False,09/07/2026 17:28:41,09/07/2026 17:28:41,55,50.50,18.52,8.21
55,4,False,09/07/2026 17:28:41,09/07/2026 17:28:41,55,50.50,18.52,8.21
55,5,False,09/07/2026 17:28:41,09/07/2026 17:28:41,55,50.50,18.52,8.21
55,6,False,09/07/2026 17:28:41,09/07/2026 17:28:41,55,50.50,18.52,8.21
55,7,False,09/07/2026 17:28:41,09/07/2026 17:28:41,55,50.50,18.52,8.21
55,8,False,09/07/2026 17:28:41,09/07/2026 17:28:41,55,50.50,18.52,8.21
55,9,False,09/07/2026 17:28:41,09/07/2026 17:28:41,55,50.50,18.52,8.21
55,10,False,09/07/2026 17:28:41,09/07/2026 17:28:42,55,50.50,18.52,8.21
55,11,False,09/07/2026 17:28:42,09/07/2026 17:28:42,55,50.50,18.52,8.21
55,12,False,09/07/2026 17:28:42,09/07/2026 17:28:42,55,50.50,18.52,8.21
55,13,False,09/07/2026 17:28:42,09/07/2026 17:28:42,55,50.50,18.52,8.21
55,14,False,09/07/2026 17:28:42,09/07/2026 17:28:42,55,50.50,18.52,8.21
55,15,False,09/07/2026 17:28:42,09/07/2026 17:28:43,55,50.50,18.52,8.21
55,16,False,09/07/2026 17:28:43,09/07/2026 17:28:44,55,50.50,18.52,8.21
55,17,False,09/07/2026 17:28:44,09/07/2026 17:28:44,55,50.50,18.52,8.21
55,18,False,09/07/2026 17:28:44,09/07/2026 17:28:46,55,50.50,18.52,8.21
55,19,False,09/07/2026 17:28:46,09/07/2026 17:28:47,55,50.50,18.52,8.21
55,20,False,09/07/2026 17:28:47,09/07/2026 17:28:47,55,50.50,18.52,8.21
55,21,True,09/07/2026 17:28:47,12/31/9999 23:59:59,55,50.50,18.52,8.21
56,0,False,09/07/2026 17:28:41,09/07/2026 17:28:41,56,53.05,23.30,-1.62
56,1,False,09/07/2026 17:28:41,09/07/2026 17:28:41,56,53.05,23.30,-1.62
56,2,False,09/07/2026 17:28:41,09/07/2026 17:28:42,56,53.05,23.30,-1.62
56,3,False,09/07/2026 17:28:42,09/07/2026 17:28:42,56,53.05,23.30,-1.62
56,4,False,09/07/2026 17:28:42,09/07/2026 17:28:42,56,53.05,23.30,-1.62
56,5,False,09/07/2026 17:28:42,09/07/2026 17:28:42,56,53.05,23.30,-1.62
56,6,False,09/07/2026 17:28:42,09/07/2026 17:28:42,56,53.05,23.30,-1.62
56,7,False,09/07/2026 17:28:42,09/07/2026 17:28:42,56,53.05,23.30,-1.62
56,8,False,09/07/2026 17:28:42,09/07/2026 17:28:42,56,53.05,23.30,-1.62
56,9,False,09/07/2026 17:28:42,09/07/2026 17:28:43,56,53.05,23.30,-1.62
56,10,False,09/07/2026 17:28:43,09/07/2026 17:28:44,56,53.05,23.30,-1.62
56,11,False,09/07/2026 17:28:44,09/07/2026 17:28:44,56,53.05,23.30,-1.62
56,12,False,09/07/2026 17:28:44,09/07/2026 17:28:46,56,53.05,23.30,-1.62
56,13,False,09/07/2026 17:28:46,09/07/2026 17:28:47,56,53.05,23.30,-1.62
56,14,False,09/07/2026 17:28:47,09/07/2026 17:28:47,56,53.05,23.30,-1.62
56,15,True,09/07/2026 17:28:47,12/31/9999 23:59:59,56,53.05,23.30,-1.62
57,0,False,09/07/2026 17:28:42,09/07/2026 17:28:42,57,50.16,19.42,7.16
57,1,False,09/07/2026 17:28:42,09/07/2026 17:28:42,57,50.16,19.42,7.16
57,2,False,09/07/2026 17:28:42,09/07/2026 17:28:42,57,50.16,19.42,7.16
57,3,False,09/07/2026 17:28:42,09/07/2026 17:28:42,57,50.16,19.42,7.16
57,4,False,09/07/2026 17:28:42,09/07/2026 17:28:42,57,50.16,19.42,7.16
57,5,False,09/07/2026 17:28:42,09/07/2026 17:28:42,57,50.16,19.42,7.16
57,6,False,09/07/2026 17:28:42,09/07/2026 17:28:42,57,50.16,19.42,7.16
57,7,False,09/07/2026 17:28:42,09/07/2026 17:28:42,57,50.16,19.42,7.16
57,8,False,09/07/2026 17:28:42,09/07/2026 17:28:42,57,50.16,19.42,7.16
57,9,False,09/07/2026 17:28:42,09/07/2026 17:28:42,57,50.16,19.42,7.16
57,10,False,09/07/2026 17:28:42,09/07/2026 17:28:42,57,50.16,19.42,7.16
57,11,False,09/07/2026 17:28:42,09/07/2026 17:28:42,57,50.16,19.42,7.16
57,12,False,09/07/2026 17:28:42,09/07/2026 17:28:42,57,50.16,19.42,7.16
57,13,False,09/07/2026 17:28:42,09/07/2026 17:28:42,57,50.16,19.42,7.16
57,14,False,09/07/2026 17:28:42,09/07/2026 17:28:42,57,50.16,19.42,7.16
57,15,False,09/07/2026 17:28:42,09/07/2026 17:28:43,57,50.16,19.42,7.16
57,16,False,09/07/2026 17:28:43,09/07/2026 17:28:44,57,50.16,19.42,7.16
57,17,False,09/07/2026 17:28:44,09/07/2026 17:28:44,57,50.16,19.42,7.16
57,18,False,09/07/2026 17:28:44,09/07/2026 17:28:46,57,50.16,19.42,7.16
57,19,False,09/07/2026 17:28:46,09/07/2026 17:28:47,57,50.16,19.42,7.16
57,20,False,09/07/2026 17:28:47,09/07/2026 17:28:47,57,50.16,19.42,7.16
57,21,True,09/07/2026 17:28:47,12/31/9999 23:59:59,57,50.16,19.42,7.16
58,0,False,09/07/2026 17:28:42,09/07/2026 17:28:42,58,54.01,17.45,8.91
58,1,False,09/07/2026 17:28:42,09/07/2026 17:28:42,58,54.01,17.45,8.91
58,2,False,09/07/2026 17:28:42,09/07/2026 17:28:42,58,54.01,17.45,8.91
58,3,False,09/07/2026 17:28:42,09/07/2026 17:28:42,58,54.01,17.45,8.91
58,4,False,09/07/2026 17:28:42,09/07/2026 17:28:42,58,54.01,17.45,8.91
58,5,False,09/07/2026 17:28:42,09/07/2026 17:28:42,58,54.01,17.45,8.91
58,6,False,09/07/2026 17:28:42,09/07/2026 17:28:42,58,54.01,17.45,8.91
58,7,False,09/07/2026 17:28:42,09/07/2026 17:28:42,58,54.01,17.45,8.91
58,8,False,09/07/2026 17:28:42,09/07/2026 17:28:42,58,54.01,17.45,8.91
58,9,False,09/07/2026 17:28:42,09/07/2026 17:28:42,58,54.01,17.45,8.91
58,10,False,09/07/2026 17:28:42,09/07/2026 17:28:42,58,54.01,17.45,8.91
58,11,False,09/07/2026 17:28:42,09/07/2026 17:28:42,58,54.01,17.45,8.91
58,12,False,09/07/2026 17:28:42,09/07/2026 17:28:42,58,54.01,17.45,8.91
58,13,False,09/07/2026 17:28:42,09/07/2026 17:28:43,58,54.01,17.45,8.91
58,14,False,09/07/2026 17:28:43,09/07/2026 17:28:44,58,54.01,17.45,8.91
58,15,False,09/07/2026 17:28:44,09/07/2026 17:28:44,58,54.01,17.45,8.91
58,16,False,09/07/2026 17:28:44,09/07/2026 17:28:46,58,54.01,17.45,8.91
58,17,False,09/07/2026 17:28:46,09/07/2026 17:28:47,58,54.01,17.45,8.91
58,18,False,09/07/2026 17:28:47,09/07/2026 17:28:47,58,54.01,17.45,8.91
58,19,True,09/07/2026 17:28:47,12/31/9999 23:59:59,58,54.01,17.45,8.91
59,0,False,09/07/2026 17:28:42,09/07/2026 17:28:42,59,50.52,23.26,-4.80
59,1,False,09/07/2026 17:28:42,09/07/2026 17:28:42,59,50.52,23.26,-4.80
59,2,False,09/07/2026 17:28:42,09/07/2026 17:28:42,59,50.52,23.26,-4.80
59,3,False,09/07/2026 17:28:42,09/07/2026 17:28:42,59,50.52,23.26,-4.80
59,4,False,09/07/2026 17:28:42,09/07/2026 17:28:42,59,50.52,23.26,-4.80
59,5,False,09/07/2026 17:28:42,09/07/2026 17:28:42,59,50.52,23.26,-4.80
59,6,False,09/07/2026 17:28:42,09/07/2026 17:28:42,59,50.52,23.26,-4.80
59,7,False,09/07/2026 17:28:42,09/07/2026 17:28:42,59,50.52,23.26,-4.80
59,8,False,09/07/2026 17:28:42,09/07/2026 17:28:42,59,50.52,23.26,-4.80
59,9,False,09/07/2026 17:28:42,09/07/2026 17:28:42,59,50.52,23.26,-4.80
59,10,False,09/07/2026 17:28:42,09/07/2026 17:28:42,59,50.52,23.26,-4.80
59,11,False,09/07/2026 17:28:42,09/07/2026 17:28:42,59,50.52,23.26,-4.80
59,12,False,09/07/2026 17:28:42,09/07/2026 17:28:42,59,50.52,23.26,-4.80
59,13,False,09/07/2026 17:28:42,09/07/2026 17:28:42,59,50.52,23.26,-4.80
59,14,False,09/07/2026 17:28:42,09/07/2026 17:28:42,59,50.52,23.26,-4.80
59,15,False,09/07/2026 17:28:42,09/07/2026 17:28:43,59,50.52,23.26,-4.80
59,16,False,09/07/2026 17:28:43,09/07/2026 17:28:44,59,50.52,23.26,-4.80
59,17,False,09/07/2026 17:28:44,09/07/2026 17:28:44,59,50.52,23.26,-4.80
59,18,False,09/07/2026 17:28:44,09/07/2026 17:28:46,59,50.52,23.26,-4.80
59,19,False,09/07/2026 17:28:46,09/07/2026 17:28:47,59,50.52,23.26,-4.80
59,20,False,09/07/2026 17:28:47,09/07/2026 17:28:47,59,50.52,23.26,-4.80
59,21,True,09/07/2026 17:28:47,12/31/9999 23:59:59,59,50.52,23.26,-4.80
60,0,False,09/07/2026 17:28:42,09/07/2026 17:28:42,60,51.36,15.16,-0.05
60,1,False,09/07/2026 17:28:42,09/07/2026 17:28:42,60,51.36,15.16,-0.05
60,2,False,09/07/2026 17:28:42,09/07/2026 17:28:42,60,51.36,15.16,-0.05
60,3,False,09/07/2026 17:28:42,09/07/2026 17:28:42,60,51.36,15.16,-0.05
60,4,False,09/07/2026 17:28:42,09/07/2026 17:28:42,60,51.36,15.16,-0.05
60,5,False,09/07/2026 17:28:42,09/07/2026 17:28:42,60,51.36,15.16,-0.05
60,6,False,09/07/2026 17:28:42,09/07/2026 17:28:42,60,51.36,15.16,-0.05
60,7,False,09/07/2026 17:28:42,09/07/2026 17:28:42,60,51.36,15.16,-0.05
60,8,False,09/07/2026 17:28:42,09/07/2026 17:28:42,60,51.36,15.16,-0.05
60,9,False,09/07/2026 17:28:42,09/07/2026 17:28:42,60,51.36,15.16,-0.05
60,10,False,09/07/2026 17:28:42,09/07/2026 17:28:42,60,51.36,15.16,-0.05
60,11,False,09/07/2026 17:28:42,09/07/2026 17:28:42,60,51.36,15.16,-0.05
60,12,False,09/07/2026 17:28:42,09/07/2026 17:28:42,60,51.36,15.16,-0.05
60,13,False,09/07/2026 17:28:42,09/07/2026 17:28:42,60,51.36,15.16,-0.05
60,14,False,09/07/2026 17:28:42,09/07/2026 17:28:42,60,51.36,15.16,-0.05
60,15,False,09/07/2026 17:28:42,09/07/2026 17:28:42,60,51.36,15.16,-0.05
60,16,False,09/07/2026 17:28:42,09/07/2026 17:28:42,60,51.36,15.16,-0.05
60,17,False,09/07/2026 17:28:42,09/07/2026 17:28:43,60,51.36,15.16,-0.05
60,18,False,09/07/2026 17:28:43,09/07/2026 17:28:43,60,51.36,15.16,-0.05
60,19,False,09/07/2026 17:28:43,09/07/2026 17:28:43,60,51.36,15.16,-0.05
60,20,False,09/07/2026 17:28:43,09/07/2026 17:28:44,60,51.36,15.16,-0.05
60,21,False,09/07/2026 17:28:44,09/07/2026 17:28:44,60,51.36,15.16,-0.05
60,22,False,09/07/2026 17:28:44,09/07/2026 17:28:46,60,51.36,15.16,-0.05
60,23,False,09/07/2026 17:28:46,09/07/2026 17:28:47,60,51.36,15.16,-0.05
60,24,False,09/07/2026 17:28:47,09/07/2026 17:28:47,60,51.36,15.16,-0.05
60,25,True,09/07/2026 17:28:47,12/31/9999 23:59:59,60,51.36,15.16,-0.05
61,0,False,09/07/2026 17:28:42,09/07/2026 17:28:42,61,53.03,21.26,17.55
61,1,False,09/07/2026 17:28:42,09/07/2026 17:28:42,61,53.03,21.26,17.55
61,2,False,09/07/2026 17:28:42,09/07/2026 17:28:42,61,53.03,21.26,17.55
61,3,False,09/07/2026 17:28:42,09/07/2026 17:28:42,61,53.03,21.26,17.55
61,4,False,09/07/2026 17:28:42,09/07/2026 17:28:42,61,53.03,21.26,17.55
61,5,False,09/07/2026 17:28:42,09/07/2026 17:28:42,61,53.03,21.26,17.55
61,6,False,09/07/2026 17:28:42,09/07/2026 17:28:42,61,53.03,21.26,17.55
61,7,False,09/07/2026 17:28:42,09/07/2026 17:28:42,61,53.03,21.26,17.55
61,8,False,09/07/2026 17:28:42,09/07/2026 17:28:42,61,53.03,21.26,17.55
61,9,False,09/07/2026 17:28:42,09/07/2026 17:28:42,61,53.03,21.26,17.55
61,10,False,09/07/2026 17:28:42,09/07/2026 17:28:42,61,53.03,21.26,17.55
61,11,False,09/07/2026 17:28:42,09/07/2026 17:28:43,61,53.03,21.26,17.55
61,12,False,09/07/2026 17:28:43,09/07/2026 17:28:43,61,53.03,21.26,17.55
61,13,False,09/07/2026 17:28:43,09/07/2026 17:28:43,61,53.03,21.26,17.55
61,14,False,09/07/2026 17:28:43,09/07/2026 17:28:44,61,53.03,21.26,17.55
61,15,False,09/07/2026 17:28:44,09/07/2026 17:28:44,61,53.03,21.26,17.55
61,16,False,09/07/2026 17:28:44,09/07/2026 17:28:46,61,53.03,21.26,17.55
61,17,False,09/07/2026 17:28:46,09/07/2026 17:28:47,61,53.03,21.26,17.55
61,18,False,09/07/2026 17:28:47,09/07/2026 17:28:47,61,53.03,21.26,17.55
61,19,True,09/07/2026 17:28:47,12/31/9999 23:59:59,61,53.03,21.26,17.55
62,0,False,09/07/2026 17:28:42,09/07/2026 17:28:42,62,51.38,16.53,-3.30
62,1,False,09/07/2026 17:28:42,09/07/2026 17:28:42,62,51.38,16.53,-3.30
62,2,False,09/07/2026 17:28:42,09/07/2026 17:28:42,62,51.38,16.53,-3.30
62,3,False,09/07/2026 17:28:42,09/07/2026 17:28:42,62,51.38,16.53,-3.30
62,4,False,09/07/2026 17:28:42,09/07/2026 17:28:42,62,51.38,16.53,-3.30
62,5,False,09/07/2026 17:28:42,09/07/2026 17:28:42,62,51.38,16.53,-3.30
62,6,False,09/07/2026 17:28:42,09/07/2026 17:28:42,62,51.38,16.53,-3.30
62,7,False,09/07/2026 17:28:42,09/07/2026 17:28:42,62,51.38,16.53,-3.30
62,8,False,09/07/2026 17:28:42,09/07/2026 17:28:43,62,51.38,16.53,-3.30
62,9,False,09/07/2026 17:28:43,09/07/2026 17:28:43,62,51.38,16.53,-3.30
62,10,False,09/07/2026 17:28:43,09/07/2026 17:28:43,62,51.38,16.53,-3.30
62,11,False,09/07/2026 17:28:43,09/07/2026 17:28:44,62,51.38,16.53,-3.30
62,12,False,09/07/2026 17:28:44,09/07/2026 17:28:44,62,51.38,16.53,-3.30
62,13,False,09/07/2026 17:28:44,09/07/2026 17:28:46,62,51.38,16.53,-3.30
62,14,False,09/07/2026 17:28:46,09/07/2026 17:28:47,62,51.38,16.53,-3.30
62,15,False,09/07/2026 17:28:47,09/07/2026 17:28:47,62,51.38,16.53,-3.30
62,16,True,09/07/2026 17:28:47,12/31/9999 23:59:59,62,51.38,16.53,-3.30
63,0,False,09/07/2026 17:28:42,09/07/2026 17:28:42,63,52.33,20.21,-25.47
63,1,False,09/07/2026 17:28:42,09/07/2026 17:28:42,63,52.33,20.21,-25.47
63,2,False,09/07/2026 17:28:42,09/07/2026 17:28:42,63,52.33,20.21,-25.47
63,3,False,09/07/2026 17:28:42,09/07/2026 17:28:42,63,52.33,20.21,-25.47
63,4,False,09/07/2026 17:28:42,09/07/2026 17:28:42,63,52.33,20.21,-25.47
63,5,False,09/07/2026 17:28:42,09/07/2026 17:28:42,63,52.33,20.21,-25.47
63,6,False,09/07/2026 17:28:42,09/07/2026 17:28:43,63,52.33,20.21,-25.47
63,7,False,09/07/2026 17:28:43,09/07/2026 17:28:43,63,52.33,20.21,-25.47
63,8,False,09/07/2026 17:28:43,09/07/2026 17:28:43,63,52.33,20.21,-25.47
63,9,False,09/07/2026 17:28:43,09/07/2026 17:28:43,63,52.33,20.21,-25.47
63,10,False,09/07/2026 17:28:43,09/07/2026 17:28:43,63,52.33,20.21,-25.47
63,11,False,09/07/2026 17:28:43,09/07/2026 17:28:43,63,52.33,20.21,-25.47
63,12,False,09/07/2026 17:28:43,09/07/2026 17:28:43,63,52.33,20.21,-25.47
63,13,False,09/07/2026 17:28:43,09/07/2026 17:28:43,63,52.33,20.21,-25.47
63,14,False,09/07/2026 17:28:43,09/07/2026 17:28:43,63,52.33,20.21,-25.47
63,15,False,09/07/2026 17:28:43,09/07/2026 17:28:43,63,52.33,20.21,-25.47
63,16,False,09/07/2026 17:28:43,09/07/2026 17:28:44,63,52.33,20.21,-25.47
63,17,False,09/07/2026 17:28:44,09/07/2026 17:28:44,63,52.33,20.21,-25.47
63,18,False,09/07/2026 17:28:44,09/07/2026 17:28:46,63,52.33,20.21,-25.47
63,19,False,09/07/2026 17:28:46,09/07/2026 17:28:47,63,52.33,20.21,-25.47
63,20,False,09/07/2026 17:28:47,09/07/2026 17:28:47,63,52.33,20.21,-25.47
63,21,True,09/07/2026 17:28:47,12/31/9999 23:59:59,63,52.33,20.21,-25.47
64,0,False,09/07/2026 17:28:42,09/07/2026 17:28:42,64,50.26,22.58,16.29
64,1,False,09/07/2026 17:28:42,09/07/2026 17:28:42,64,50.26,22.58,16.29
64,2,False,09/07/2026 17:28:42,09/07/2026 17:28:42,64,50.26,22.58,16.29
64,3,False,09/07/2026 17:28:42,09/07/2026 17:28:42,64,50.26,22.58,16.29
64,4,False,09/07/2026 17:28:42,09/07/2026 17:28:42,64,50.26,22.58,16.29
64,5,False,09/07/2026 17:28:42,09/07/2026 17:28:43,64,50.26,22.58,16.29
64,6,False,09/07/2026 17:28:43,09/07/2026 17:28:43,64,50.26,22.58,16.29
64,7,False,09/07/2026 17:28:43,09/07/2026 17:28:43,64,50.26,22.58,16.29
64,8,False,09/07/2026 17:28:43,09/07/2026 17:28:43,64,50.26,22.58,16.29
64,9,False,09/07/2026 17:28:43,09/07/2026 17:28:43,64,50.26,22.58,16.29
64,10,False,09/07/2026 17:28:43,09/07/2026 17:28:43,64,50.26,22.58,16.29
64,11,False,09/07/2026 17:28:43,09/07/2026 17:28:43,64,50.26,22.58,16.29
64,12,False,09/07/2026 17:28:43,09/07/2026 17:28:43,64,50.26,22.58,16.29
64,13,False,09/07/2026 17:28:43,09/07/2026 17:28:43,64,50.26,22.58,16.29
64,14,False,09/07/2026 17:28:43,09/07/2026 17:28:43,64,50.26,22.58,16.29
64,15,False,09/07/2026 17:28:43,09/07/2026 17:28:44,64,50.26,22.58,16.29
64,16,False,09/07/2026 17:28:44,09/07/2026 17:28:44,64,50.26,22.58,16.29
64,17,False,09/07/2026 17:28:44,09/07/2026 17:28:46,64,50.26,22.58,16.29
64,18,False,09/07/2026 17:28:46,09/07/2026 17:28:47,64,50.26,22.58,16.29
64,19,False,09/07/2026 17:28:47,09/07/2026 17:28:47,64,50.26,22.58,16.29
64,20,True,09/07/2026 17:28:47,12/31/9999 23:59:59,64,50.26,22.58,16.29
65,0,False,09/07/2026 17:28:43,09/07/2026 17:28:43,65,52.55,21.57,-18.65
65,1,False,09/07/2026 17:28:43,09/07/2026 17:28:43,65,52.55,21.57,-18.65
65,2,False,09/07/2026 17:28:43,09/07/2026 17:28:43,65,52.55,21.57,-18.65
65,3,False,09/07/2026 17:28:43,09/07/2026 17:28:43,65,52.55,21.57,-18.65
65,4,False,09/07/2026 17:28:43,09/07/2026 17:28:43,65,52.55,21.57,-18.65
65,5,False,09/07/2026 17:28:43,09/07/2026 17:28:43,65,52.55,21.57,-18.65
65,6,False,09/07/2026 17:28:43,09/07/2026 17:28:43,65,52.55,21.57,-18.65
65,7,False,09/07/2026 17:28:43,09/07/2026 17:28:43,65,52.55,21.57,-18.65
65,8,False,09/07/2026 17:28:43,09/07/2026 17:28:43,65,52.55,21.57,-18.65
65,9,False,09/07/2026 17:28:43,09/07/2026 17:28:43,65,52.55,21.57,-18.65
65,10,False,09/07/2026 17:28:43,09/07/2026 17:28:43,65,52.55,21.57,-18.65
65,11,False,09/07/2026 17:28:43,09/07/2026 17:28:43,65,52.55,21.57,-18.65
65,12,False,09/07/2026 17:28:43,09/07/2026 17:28:43,65,52.55,21.57,-18.65
65,13,False,09/07/2026 17:28:43,09/07/2026 17:28:43,65,52.55,21.57,-18.65
65,14,False,09/07/2026 17:28:43,09/07/2026 17:28:44,65,52.55,21.57,-18.65
65,15,False,09/07/2026 17:28:44,09/07/2026 17:28:44,65,52.55,21.57,-18.65
65,16,False,09/07/2026 17:28:44,09/07/2026 17:28:46,65,52.55,21.57,-18.65
65,17,False,09/07/2026 17:28:46,09/07/2026 17:28:47,65,52.55,21.57,-18.65
65,18,False,09/07/2026 17:28:47,09/07/2026 17:28:47,65,52.55,21.57,-18.65
65,19,True,09/07/2026 17:28:47,12/31/9999 23:59:59,65,52.55,21.57,-18.65
66,0,False,09/07/2026 17:28:43,09/07/2026 17:28:43,66,54.32,16.21,-4.18
66,1,False,09/07/2026 17:28:43,09/07/2026 17:28:43,66,54.32,16.21,-4.18
66,2,False,09/07/2026 17:28:43,09/07/2026 17:28:43,66,54.32,16.21,-4.18
66,3,False,09/07/2026 17:28:43,09/07/2026 17:28:43,66,54.32,16.21,-4.18
66,4,False,09/07/2026 17:28:43,09/07/2026 17:28:43,66,54.32,16.21,-4.18
66,5,False,09/07/2026 17:28:43,09/07/2026 17:28:43,66,54.32,16.21,-4.18
66,6,False,09/07/2026 17:28:43,09/07/2026 17:28:43,66,54.32,16.21,-4.18
66,7,False,09/07/2026 17:28:43,09/07/2026 17:28:43,66,54.32,16.21,-4.18
66,8,False,09/07/2026 17:28:43,09/07/2026 17:28:43,66,54.32,16.21,-4.18
66,9,False,09/07/2026 17:28:43,09/07/2026 17:28:43,66,54.32,16.21,-4.18
66,10,False,09/07/2026 17:28:43,09/07/2026 17:28:43,66,54.32,16.21,-4.18
66,11,False,09/07/2026 17:28:43,09/07/2026 17:28:43,66,54.32,16.21,-4.18
66,12,False,09/07/2026 17:28:43,09/07/2026 17:28:43,66,54.32,16.21,-4.18
66,13,False,09/07/2026 17:28:43,09/07/2026 17:28:43,66,54.32,16.21,-4.18
66,14,False,09/07/2026 17:28:43,09/07/2026 17:28:44,66,54.32,16.21,-4.18
66,15,False,09/07/2026 17:28:44,09/07/2026 17:28:44,66,54.32,16.21,-4.18
66,16,False,09/07/2026 17:28:44,09/07/2026 17:28:44,66,54.32,16.21,-4.18
66,17,False,09/07/2026 17:28:44,09/07/2026 17:28:44,66,54.32,16.21,-4.18
66,18,False,09/07/2026 17:28:44,09/07/2026 17:28:46,66,54.32,16.21,-4.18
66,19,False,09/07/2026 17:28:46,09/07/2026 17:28:47,66,54.32,16.21,-4.18
66,20,False,09/07/2026 17:28:47,09/07/2026 17:28:47,66,54.32,16.21,-4.18
66,21,True,09/07/2026 17:28:47,12/31/9999 23:59:59,66,54.32,16.21,-4.18
67,0,False,09/07/2026 17:28:43,09/07/2026 17:28:43,67,49.56,17.38,4.13
67,1,False,09/07/2026 17:28:43,09/07/2026 17:28:43,67,49.56,17.38,4.13
67,2,False,09/07/2026 17:28:43,09/07/2026 17:28:43,67,49.56,17.38,4.13
67,3,False,09/07/2026 17:28:43,09/07/2026 17:28:43,67,49.56,17.38,4.13
67,4,False,09/07/2026 17:28:43,09/07/2026 17:28:43,67,49.56,17.38,4.13
67,5,False,09/07/2026 17:28:43,09/07/2026 17:28:43,67,49.56,17.38,4.13
67,6,False,09/07/2026 17:28:43,09/07/2026 17:28:43,67,49.56,17.38,4.13
67,7,False,09/07/2026 17:28:43,09/07/2026 17:28:44,67,49.56,17.38,4.13
67,8,False,09/07/2026 17:28:44,09/07/2026 17:28:44,67,49.56,17.38,4.13
67,9,False,09/07/2026 17:28:44,09/07/2026 17:28:44,67,49.56,17.38,4.13
67,10,False,09/07/2026 17:28:44,09/07/2026 17:28:44,67,49.56,17.38,4.13
67,11,False,09/07/2026 17:28:44,09/07/2026 17:28:46,67,49.56,17.38,4.13
67,12,False,09/07/2026 17:28:46,09/07/2026 17:28:47,67,49.56,17.38,4.13
67,13,False,09/07/2026 17:28:47,09/07/2026 17:28:47,67,49.56,17.38,4.13
67,14,True,09/07/2026 17:28:47,12/31/9999 23:59:59,67,49.56,17.38,4.13
68,0,False,09/07/2026 17:28:43,09/07/2026 17:28:43,68,54.06,18.56,18.24
68,1,False,09/07/2026 17:28:43,09/07/2026 17:28:43,68,54.06,18.56,18.24
68,2,False,09/07/2026 17:28:43,09/07/2026 17:28:43,68,54.06,18.56,18.24
68,3,False,09/07/2026 17:28:43,09/07/2026 17:28:43,68,54.06,18.56,18.24
68,4,False,09/07/2026 17:28:43,09/07/2026 17:28:44,68,54.06,18.56,18.24
68,5,False,09/07/2026 17:28:44,09/07/2026 17:28:44,68,54.06,18.56,18.24
68,6,False,09/07/2026 17:28:44,09/07/2026 17:28:44,68,54.06,18.56,18.24
68,7,False,09/07/2026 17:28:44,09/07/2026 17:28:44,68,54.06,18.56,18.24
68,8,False,09/07/2026 17:28:44,09/07/2026 17:28:46,68,54.06,18.56,18.24
68,9,False,09/07/2026 17:28:46,09/07/2026 17:28:47,68,54.06,18.56,18.24
68,10,False,09/07/2026 17:28:47,09/07/2026 17:28:47,68,54.06,18.56,18.24
68,11,True,09/07/2026 17:28:47,12/31/9999 23:59:59,68,54.06,18.56,18.24
69,0,False,09/07/2026 17:28:43,09/07/2026 17:28:43,69,50.37,23.57,-12.66
69,1,False,09/07/2026 17:28:43,09/07/2026 17:28:43,69,50.37,23.57,-12.66
69,2,False,09/07/2026 17:28:43,09/07/2026 17:28:43,69,50.37,23.57,-12.66
69,3,False,09/07/2026 17:28:43,09/07/2026 17:28:43,69,50.37,23.57,-12.66
69,4,False,09/07/2026 17:28:43,09/07/2026 17:28:43,69,50.37,23.57,-12.66
69,5,False,09/07/2026 17:28:43,09/07/2026 17:28:43,69,50.37,23.57,-12.66
69,6,False,09/07/2026 17:28:43,09/07/2026 17:28:44,69,50.37,23.57,-12.66
69,7,False,09/07/2026 17:28:44,09/07/2026 17:28:44,69,50.37,23.57,-12.66
69,8,False,09/07/2026 17:28:44,09/07/2026 17:28:44,69,50.37,23.57,-12.66
69,9,False,09/07/2026 17:28:44,09/07/2026 17:28:44,69,50.37,23.57,-12.66
69,10,False,09/07/2026 17:28:44,09/07/2026 17:28:44,69,50.37,23.57,-12.66
69,11,False,09/07/2026 17:28:44,09/07/2026 17:28:44,69,50.37,23.57,-12.66
69,12,False,09/07/2026 17:28:44,09/07/2026 17:28:44,69,50.37,23.57,-12.66
69,13,False,09/07/2026 17:28:44,09/07/2026 17:28:44,69,50.37,23.57,-12.66
69,14,False,09/07/2026 17:28:44,09/07/2026 17:28:44,69,50.37,23.57,-12.66
69,15,False,09/07/2026 17:28:44,09/07/2026 17:28:46,69,50.37,23.57,-12.66
69,16,False,09/07/2026 17:28:46,09/07/2026 17:28:47,69,50.37,23.57,-12.66
69,17,False,09/07/2026 17:28:47,09/07/2026 17:28:47,69,50.37,23.57,-12.66
69,18,True,09/07/2026 17:28:47,12/31/9999 23:59:59,69,50.37,23.57,-12.66
70,0,False,09/07/2026 17:28:44,09/07/2026 17:28:44,70,54.21,21.47,-19.51
70,1,False,09/07/2026 17:28:44,09/07/2026 17:28:44,70,54.21,21.47,-19.51
70,2,False,09/07/2026 17:28:44,09/07/2026 17:28:44,70,54.21,21.47,-19.51
70,3,False,09/07/2026 17:28:44,09/07/2026 17:28:44,70,54.21,21.47,-19.51
70,4,False,09/07/2026 17:28:44,09/07/2026 17:28:44,70,54.21,21.47,-19.51
70,5,False,09/07/2026 17:28:44,09/07/2026 17:28:44,70,54.21,21.47,-19.51
70,6,False,09/07/2026 17:28:44,09/07/2026 17:28:44,70,54.21,21.47,-19.51
70,7,False,09/07/2026 17:28:44,09/07/2026 17:28:46,70,54.21,21.47,-19.51
70,8,False,09/07/2026 17:28:46,09/07/2026 17:28:47,70,54.21,21.47,-19.51
70,9,False,09/07/2026 17:28:47,09/07/2026 17:28:47,70,54.21,21.47,-19.51
70,10,True,09/07/2026 17:28:47,12/31/9999 23:59:59,70,54.21,21.47,-19.51
71,0,False,09/07/2026 17:28:44,09/07/2026 17:28:44,71,50.01,18.38,-7.47
71,1,False,09/07/2026 17:28:44,09/07/2026 17:28:44,71,50.01,18.38,-7.47
71,2,False,09/07/2026 17:28:44,09/07/2026 17:28:44,71,50.01,18.38,-7.47
71,3,False,09/07/2026 17:28:44,09/07/2026 17:28:44,71,50.01,18.38,-7.47
71,4,False,09/07/2026 17:28:44,09/07/2026 17:28:44,71,50.01,18.38,-7.47
71,5,False,09/07/2026 17:28:44,09/07/2026 17:28:44,71,50.01,18.38,-7.47
71,6,False,09/07/2026 17:28:44,09/07/2026 17:28:46,71,50.01,18.38,-7.47
71,7,False,09/07/2026 17:28:46,09/07/2026 17:28:47,71,50.01,18.38,-7.47
71,8,False,09/07/2026 17:28:47,09/07/2026 17:28:47,71,50.01,18.38,-7.47
71,9,True,09/07/2026 17:28:47,12/31/9999 23:59:59,71,50.01,18.38,-7.47
72,0,False,09/07/2026 17:28:44,09/07/2026 17:28:44,72,51.41,22.55,7.65
72,1,False,09/07/2026 17:28:44,09/07/2026 17:28:44,72,51.41,22.55,7.65
72,2,False,09/07/2026 17:28:44,09/07/2026 17:28:44,72,51.41,22.55,7.65
72,3,False,09/07/2026 17:28:44,09/07/2026 17:28:44,72,51.41,22.55,7.65
72,4,False,09/07/2026 17:28:44,09/07/2026 17:28:44,72,51.41,22.55,7.65
72,5,False,09/07/2026 17:28:44,09/07/2026 17:28:44,72,51.41,22.55,7.65
72,6,False,09/07/2026 17:28:44,09/07/2026 17:28:44,72,51.41,22.55,7.65
72,7,False,09/07/2026 17:28:44,09/07/2026 17:28:45,72,51.41,22.55,7.65
72,8,False,09/07/2026 17:28:45,09/07/2026 17:28:45,72,51.41,22.55,7.65
72,9,False,09/07/2026 17:28:45,09/07/2026 17:28:45,72,51.41,22.55,7.65
72,10,False,09/07/2026 17:28:45,09/07/2026 17:28:45,72,51.41,22.55,7.65
72,11,False,09/07/2026 17:28:45,09/07/2026 17:28:46,72,51.41,22.55,7.65
72,12,False,09/07/2026 17:28:46,09/07/2026 17:28:47,72,51.41,22.55,7.65
72,13,False,09/07/2026 17:28:47,09/07/2026 17:28:47,72,51.41,22.55,7.65
72,14,True,09/07/2026 17:28:47,12/31/9999 23:59:59,72,51.41,22.55,7.65
73,0,False,09/07/2026 17:28:44,09/07/2026 17:28:44,73,53.29,15.08,-17.06
73,1,False,09/07/2026 17:28:44,09/07/2026 17:28:44,73,53.29,15.08,-17.06
73,2,False,09/07/2026 17:28:44,09/07/2026 17:28:44,73,53.29,15.08,-17.06
73,3,False,09/07/2026 17:28:44,09/07/2026 17:28:45,73,53.29,15.08,-17.06
73,4,False,09/07/2026 17:28:45,09/07/2026 17:28:45,73,53.29,15.08,-17.06
73,5,False,09/07/2026 17:28:45,09/07/2026 17:28:45,73,53.29,15.08,-17.06
73,6,False,09/07/2026 17:28:45,09/07/2026 17:28:45,73,53.29,15.08,-17.06
73,7,False,09/07/2026 17:28:45,09/07/2026 17:28:46,73,53.29,15.08,-17.06
73,8,False,09/07/2026 17:28:46,09/07/2026 17:28:47,73,53.29,15.08,-17.06
73,9,False,09/07/2026 17:28:47,09/07/2026 17:28:47,73,53.29,15.08,-17.06
73,10,True,09/07/2026 17:28:47,12/31/9999 23:59:59,73,53.29,15.08,-17.06
74,0,False,09/07/2026 17:28:44,09/07/2026 17:28:44,74,54.49,23.14,-1.39
74,1,False,09/07/2026 17:28:44,09/07/2026 17:28:44,74,54.49,23.14,-1.39
74,2,False,09/07/2026 17:28:44,09/07/2026 17:28:45,74,54.49,23.14,-1.39
74,3,False,09/07/2026 17:28:45,09/07/2026 17:28:45,74,54.49,23.14,-1.39
74,4,False,09/07/2026 17:28:45,09/07/2026 17:28:45,74,54.49,23.14,-1.39
74,5,False,09/07/2026 17:28:45,09/07/2026 17:28:45,74,54.49,23.14,-1.39
74,6,False,09/07/2026 17:28:45,09/07/2026 17:28:45,74,54.49,23.14,-1.39
74,7,False,09/07/2026 17:28:45,09/07/2026 17:28:45,74,54.49,23.14,-1.39
74,8,False,09/07/2026 17:28:45,09/07/2026 17:28:45,74,54.49,23.14,-1.39
74,9,False,09/07/2026 17:28:45,09/07/2026 17:28:45,74,54.49,23.14,-1.39
74,10,False,09/07/2026 17:28:45,09/07/2026 17:28:46,74,54.49,23.14,-1.39
74,11,False,09/07/2026 17:28:46,09/07/2026 17:28:47,74,54.49,23.14,-1.39
74,12,False,09/07/2026 17:28:47,09/07/2026 17:28:47,74,54.49,23.14,-1.39
74,13,True,09/07/2026 17:28:47,12/31/9999 23:59:59,74,54.49,23.14,-1.39
75,0,False,09/07/2026 17:28:45,09/07/2026 17:28:45,75,50.49,21.46,22.91
75,1,False,09/07/2026 17:28:45,09/07/2026 17:28:45,75,50.49,21.46,22.91
75,2,False,09/07/2026 17:28:45,09/07/2026 17:28:45,75,50.49,21.46,22.91
75,3,False,09/07/2026 17:28:45,09/07/2026 17:28:45,75,50.49,21.46,22.91
75,4,False,09/07/2026 17:28:45,09/07/2026 17:28:46,75,50.49,21.46,22.91
75,5,False,09/07/2026 17:28:46,09/07/2026 17:28:47,75,50.49,21.46,22.91
75,6,False,09/07/2026 17:28:47,09/07/2026 17:28:47,75,50.49,21.46,22.91
75,7,True,09/07/2026 17:28:47,12/31/9999 23:59:59,75,50.49,21.46,22.91
76,0,False,09/07/2026 17:28:45,09/07/2026 17:28:45,76,51.31,15.49,-5.38
76,1,False,09/07/2026 17:28:45,09/07/2026 17:28:45,76,51.31,15.49,-5.38
76,2,False,09/07/2026 17:28:45,09/07/2026 17:28:45,76,51.31,15.49,-5.38
76,3,False,09/07/2026 17:28:45,09/07/2026 17:28:45,76,51.31,15.49,-5.38
76,4,False,09/07/2026 17:28:45,09/07/2026 17:28:46,76,51.31,15.49,-5.38
76,5,False,09/07/2026 17:28:46,09/07/2026 17:28:47,76,51.31,15.49,-5.38
76,6,False,09/07/2026 17:28:47,09/07/2026 17:28:47,76,51.31,15.49,-5.38
76,7,True,09/07/2026 17:28:47,12/31/9999 23:59:59,76,51.31,15.49,-5.38
77,0,False,09/07/2026 17:28:45,09/07/2026 17:28:45,77,49.14,17.12,5.63
77,1,False,09/07/2026 17:28:45,09/07/2026 17:28:45,77,49.14,17.12,5.63
77,2,False,09/07/2026 17:28:45,09/07/2026 17:28:46,77,49.14,17.12,5.63
77,3,False,09/07/2026 17:28:46,09/07/2026 17:28:47,77,49.14,17.12,5.63
77,4,False,09/07/2026 17:28:47,09/07/2026 17:28:47,77,49.14,17.12,5.63
77,5,True,09/07/2026 17:28:47,12/31/9999 23:59:59,77,49.14,17.12,5.63
78,0,False,09/07/2026 17:28:45,09/07/2026 17:28:45,78,49.38,15.55,34.84
78,1,False,09/07/2026 17:28:45,09/07/2026 17:28:45,78,49.38,15.55,34.84
78,2,False,09/07/2026 17:28:45,09/07/2026 17:28:45,78,49.38,15.55,34.84
78,3,False,09/07/2026 17:28:45,09/07/2026 17:28:45,78,49.38,15.55,34.84
78,4,False,09/07/2026 17:28:45,09/07/2026 17:28:45,78,49.38,15.55,34.84
78,5,False,09/07/2026 17:28:45,09/07/2026 17:28:45,78,49.38,15.55,34.84
78,6,False,09/07/2026 17:28:45,09/07/2026 17:28:45,78,49.38,15.55,34.84
78,7,False,09/07/2026 17:28:45,09/07/2026 17:28:46,78,49.38,15.55,34.84
78,8,False,09/07/2026 17:28:46,09/07/2026 17:28:47,78,49.38,15.55,34.84
78,9,False,09/07/2026 17:28:47,09/07/2026 17:28:47,78,49.38,15.55,34.84
78,10,True,09/07/2026 17:28:47,12/31/9999 23:59:59,78,49.38,15.55,34.84
79,0,False,09/07/2026 17:28:45,09/07/2026 17:28:45,79,50.38,21.51,-23.16
79,1,False,09/07/2026 17:28:45,09/07/2026 17:28:45,79,50.38,21.51,-23.16
79,2,False,09/07/2026 17:28:45,09/07/2026 17:28:45,79,50.38,21.51,-23.16
79,3,False,09/07/2026 17:28:45,09/07/2026 17:28:45,79,50.38,21.51,-23.16
79,4,False,09/07/2026 17:28:45,09/07/2026 17:28:45,79,50.38,21.51,-23.16
79,5,False,09/07/2026 17:28:45,09/07/2026 17:28:45,79,50.38,21.51,-23.16
79,6,False,09/07/2026 17:28:45,09/07/2026 17:28:45,79,50.38,21.51,-23.16
79,7,False,09/07/2026 17:28:45,09/07/2026 17:28:45,79,50.38,21.51,-23.16
79,8,False,09/07/2026 17:28:45,09/07/2026 17:28:46,79,50.38,21.51,-23.16
79,9,False,09/07/2026 17:28:46,09/07/2026 17:28:47,79,50.38,21.51,-23.16
79,10,False,09/07/2026 17:28:47,09/07/2026 17:28:47,79,50.38,21.51,-23.16
79,11,True,09/07/2026 17:28:47,12/31/9999 23:59:59,79,50.38,21.51,-23.16
80,0,False,09/07/2026 17:28:45,09/07/2026 17:28:45,80,52.40,17.54,25.99
80,1,False,09/07/2026 17:28:45,09/07/2026 17:28:45,80,52.40,17.54,25.99
80,2,False,09/07/2026 17:28:45,09/07/2026 17:28:45,80,52.40,17.54,25.99
80,3,False,09/07/2026 17:28:45,09/07/2026 17:28:45,80,52.40,17.54,25.99
80,4,False,09/07/2026 17:28:45,09/07/2026 17:28:45,80,52.40,17.54,25.99
80,5,False,09/07/2026 17:28:45,09/07/2026 17:28:45,80,52.40,17.54,25.99
80,6,False,09/07/2026 17:28:45,09/07/2026 17:28:45,80,52.40,17.54,25.99
80,7,False,09/07/2026 17:28:45,09/07/2026 17:28:46,80,52.40,17.54,25.99
80,8,False,09/07/2026 17:28:46,09/07/2026 17:28:47,80,52.40,17.54,25.99
80,9,False,09/07/2026 17:28:47,09/07/2026 17:28:47,80,52.40,17.54,25.99
80,10,True,09/07/2026 17:28:47,12/31/9999 23:59:59,80,52.40,17.54,25.99
81,0,False,09/07/2026 17:28:45,09/07/2026 17:28:45,81,54.24,19.29,-7.54
81,1,False,09/07/2026 17:28:45,09/07/2026 17:28:45,81,54.24,19.29,-7.54
81,2,False,09/07/2026 17:28:45,09/07/2026 17:28:45,81,54.24,19.29,-7.54
81,3,False,09/07/2026 17:28:45,09/07/2026 17:28:45,81,54.24,19.29,-7.54
81,4,False,09/07/2026 17:28:45,09/07/2026 17:28:45,81,54.24,19.29,-7.54
81,5,False,09/07/2026 17:28:45,09/07/2026 17:28:45,81,54.24,19.29,-7.54
81,6,False,09/07/2026 17:28:45,09/07/2026 17:28:45,81,54.24,19.29,-7.54
81,7,False,09/07/2026 17:28:45,09/07/2026 17:28:45,81,54.24,19.29,-7.54
81,8,False,09/07/2026 17:28:45,09/07/2026 17:28:45,81,54.24,19.29,-7.54
81,9,False,09/07/2026 17:28:45,09/07/2026 17:28:45,81,54.24,19.29,-7.54
81,10,False,09/07/2026 17:28:45,09/07/2026 17:28:45,81,54.24,19.29,-7.54
81,11,False,09/07/2026 17:28:45,09/07/2026 17:28:45,81,54.24,19.29,-7.54
81,12,False,09/07/2026 17:28:45,09/07/2026 17:28:45,81,54.24,19.29,-7.54
81,13,False,09/07/2026 17:28:45,09/07/2026 17:28:45,81,54.24,19.29,-7.54
81,14,False,09/07/2026 17:28:45,09/07/2026 17:28:45,81,54.24,19.29,-7.54
81,15,False,09/07/2026 17:28:45,09/07/2026 17:28:45,81,54.24,19.29,-7.54
81,16,False,09/07/2026 17:28:45,09/07/2026 17:28:45,81,54.24,19.29,-7.54
81,17,False,09/07/2026 17:28:45,09/07/2026 17:28:45,81,54.24,19.29,-7.54
81,18,False,09/07/2026 17:28:45,09/07/2026 17:28:46,81,54.24,19.29,-7.54
81,19,False,09/07/2026 17:28:46,09/07/2026 17:28:47,81,54.24,19.29,-7.54
81,20,False,09/07/2026 17:28:47,09/07/2026 17:28:47,81,54.24,19.29,-7.54
81,21,True,09/07/2026 17:28:47,12/31/9999 23:59:59,81,54.24,19.29,-7.54
82,0,False,09/07/2026 17:28:45,09/07/2026 17:28:45,82,49.06,18.42,-5.31
82,1,False,09/07/2026 17:28:45,09/07/2026 17:28:45,82,49.06,18.42,-5.31
82,2,False,09/07/2026 17:28:45,09/07/2026 17:28:45,82,49.06,18.42,-5.31
82,3,False,09/07/2026 17:28:45,09/07/2026 17:28:45,82,49.06,18.42,-5.31
82,4,False,09/07/2026 17:28:45,09/07/2026 17:28:45,82,49.06,18.42,-5.31
82,5,False,09/07/2026 17:28:45,09/07/2026 17:28:45,82,49.06,18.42,-5.31
82,6,False,09/07/2026 17:28:45,09/07/2026 17:28:45,82,49.06,18.42,-5.31
82,7,False,09/07/2026 17:28:45,09/07/2026 17:28:45,82,49.06,18.42,-5.31
82,8,False,09/07/2026 17:28:45,09/07/2026 17:28:45,82,49.06,18.42,-5.31
82,9,False,09/07/2026 17:28:45,09/07/2026 17:28:45,82,49.06,18.42,-5.31
82,10,False,09/07/2026 17:28:45,09/07/2026 17:28:45,82,49.06,18.42,-5.31
82,11,False,09/07/2026 17:28:45,09/07/2026 17:28:45,82,49.06,18.42,-5.31
82,12,False,09/07/2026 17:28:45,09/07/2026 17:28:45,82,49.06,18.42,-5.31
82,13,False,09/07/2026 17:28:45,09/07/2026 17:28:45,82,49.06,18.42,-5.31
82,14,False,09/07/2026 17:28:45,09/07/2026 17:28:45,82,49.06,18.42,-5.31
82,15,False,09/07/2026 17:28:45,09/07/2026 17:28:47,82,49.06,18.42,-5.31
82,16,False,09/07/2026 17:28:46,09/07/2026 17:28:47,82,49.06,18.42,-5.31
82,17,False,09/07/2026 17:28:47,09/07/2026 17:28:47,82,49.06,18.42,-5.31
82,18,True,09/07/2026 17:28:47,12/31/9999 23:59:59,82,49.06,18.42,-5.31
83,0,False,09/07/2026 17:28:45,09/07/2026 17:28:45,83,52.07,21.48,0.31
83,1,False,09/07/2026 17:28:45,09/07/2026 17:28:45,83,52.07,21.48,0.31
83,2,False,09/07/2026 17:28:45,09/07/2026 17:28:45,83,52.07,21.48,0.31
83,3,False,09/07/2026 17:28:45,09/07/2026 17:28:45,83,52.07,21.48,0.31
83,4,False,09/07/2026 17:28:45,09/07/2026 17:28:45,83,52.07,21.48,0.31
83,5,False,09/07/2026 17:28:45,09/07/2026 17:28:45,83,52.07,21.48,0.31
83,6,False,09/07/2026 17:28:45,09/07/2026 17:28:45,83,52.07,21.48,0.31
83,7,False,09/07/2026 17:28:45,09/07/2026 17:28:45,83,52.07,21.48,0.31
83,8,False,09/07/2026 17:28:45,09/07/2026 17:28:45,83,52.07,21.48,0.31
83,9,False,09/07/2026 17:28:45,09/07/2026 17:28:45,83,52.07,21.48,0.31
83,10,False,09/07/2026 17:28:45,09/07/2026 17:28:45,83,52.07,21.48,0.31
83,11,False,09/07/2026 17:28:45,09/07/2026 17:28:45,83,52.07,21.48,0.31
83,12,False,09/07/2026 17:28:45,09/07/2026 17:28:45,83,52.07,21.48,0.31
83,13,False,09/07/2026 17:28:45,09/07/2026 17:28:45,83,52.07,21.48,0.31
83,14,False,09/07/2026 17:28:45,09/07/2026 17:28:47,83,52.07,21.48,0.31
83,15,False,09/07/2026 17:28:46,09/07/2026 17:28:47,83,52.07,21.48,0.31
83,16,False,09/07/2026 17:28:47,09/07/2026 17:28:47,83,52.07,21.48,0.31
83,17,True,09/07/2026 17:28:47,12/31/9999 23:59:59,83,52.07,21.48,0.31
84,0,False,09/07/2026 17:28:45,09/07/2026 17:28:45,84,52.26,22.11,-17.47
84,1,False,09/07/2026 17:28:45,09/07/2026 17:28:45,84,52.26,22.11,-17.47
84,2,False,09/07/2026 17:28:45,09/07/2026 17:28:45,84,52.26,22.11,-17.47
84,3,False,09/07/2026 17:28:45,09/07/2026 17:28:45,84,52.26,22.11,-17.47
84,4,False,09/07/2026 17:28:45,09/07/2026 17:28:45,84,52.26,22.11,-17.47
84,5,False,09/07/2026 17:28:45,09/07/2026 17:28:45,84,52.26,22.11,-17.47
84,6,False,09/07/2026 17:28:45,09/07/2026 17:28:45,84,52.26,22.11,-17.47
84,7,False,09/07/2026 17:28:45,09/07/2026 17:28:45,84,52.26,22.11,-17.47
84,8,False,09/07/2026 17:28:45,09/07/2026 17:28:45,84,52.26,22.11,-17.47
84,9,False,09/07/2026 17:28:45,09/07/2026 17:28:45,84,52.26,22.11,-17.47
84,10,False,09/07/2026 17:28:45,09/07/2026 17:28:45,84,52.26,22.11,-17.47
84,11,False,09/07/2026 17:28:45,09/07/2026 17:28:46,84,52.26,22.11,-17.47
84,12,False,09/07/2026 17:28:46,09/07/2026 17:28:47,84,52.26,22.11,-17.47
84,13,False,09/07/2026 17:28:46,09/07/2026 17:28:47,84,52.26,22.11,-17.47
84,14,False,09/07/2026 17:28:47,09/07/2026 17:28:47,84,52.26,22.11,-17.47
84,15,True,09/07/2026 17:28:47,12/31/9999 23:59:59,84,52.26,22.11,-17.47
85,0,False,09/07/2026 17:28:45,09/07/2026 17:28:45,85,54.48,16.28,8.02
85,1,False,09/07/2026 17:28:45,09/07/2026 17:28:45,85,54.48,16.28,8.02
85,2,False,09/07/2026 17:28:45,09/07/2026 17:28:45,85,54.48,16.28,8.02
85,3,False,09/07/2026 17:28:45,09/07/2026 17:28:45,85,54.48,16.28,8.02
85,4,False,09/07/2026 17:28:45,09/07/2026 17:28:45,85,54.48,16.28,8.02
85,5,False,09/07/2026 17:28:45,09/07/2026 17:28:45,85,54.48,16.28,8.02
85,6,False,09/07/2026 17:28:45,09/07/2026 17:28:45,85,54.48,16.28,8.02
85,7,False,09/07/2026 17:28:45,09/07/2026 17:28:45,85,54.48,16.28,8.02
85,8,False,09/07/2026 17:28:45,09/07/2026 17:28:45,85,54.48,16.28,8.02
85,9,False,09/07/2026 17:28:45,09/07/2026 17:28:45,85,54.48,16.28,8.02
85,10,False,09/07/2026 17:28:45,09/07/2026 17:28:46,85,54.48,16.28,8.02
85,11,False,09/07/2026 17:28:46,09/07/2026 17:28:47,85,54.48,16.28,8.02
85,12,False,09/07/2026 17:28:46,09/07/2026 17:28:47,85,54.48,16.28,8.02
85,13,False,09/07/2026 17:28:47,09/07/2026 17:28:47,85,54.48,16.28,8.02
85,14,True,09/07/2026 17:28:47,12/31/9999 23:59:59,85,54.48,16.28,8.02
86,0,False,09/07/2026 17:28:45,09/07/2026 17:28:45,86,50.08,22.48,-20.37
86,1,False,09/07/2026 17:28:45,09/07/2026 17:28:45,86,50.08,22.48,-20.37
86,2,False,09/07/2026 17:28:45,09/07/2026 17:28:45,86,50.08,22.48,-20.37
86,3,False,09/07/2026 17:28:45,09/07/2026 17:28:46,86,50.08,22.48,-20.37
86,4,False,09/07/2026 17:28:46,09/07/2026 17:28:47,86,50.08,22.48,-20.37
86,5,False,09/07/2026 17:28:46,09/07/2026 17:28:47,86,50.08,22.48,-20.37
86,6,False,09/07/2026 17:28:47,09/07/2026 17:28:47,86,50.08,22.48,-20.37
86,7,True,09/07/2026 17:28:47,12/31/9999 23:59:59,86,50.08,22.48,-20.37
87,0,False,09/07/2026 17:28:45,09/07/2026 17:28:45,87,52.48,16.57,24.05
87,1,False,09/07/2026 17:28:45,09/07/2026 17:28:45,87,52.48,16.57,24.05
87,2,False,09/07/2026 17:28:45,09/07/2026 17:28:46,87,52.48,16.57,24.05
87,3,False,09/07/2026 17:28:46,09/07/2026 17:28:46,87,52.48,16.57,24.05
87,4,False,09/07/2026 17:28:46,09/07/2026 17:28:46,87,52.48,16.57,24.05
87,5,False,09/07/2026 17:28:46,09/07/2026 17:28:46,87,52.48,16.57,24.05
87,6,False,09/07/2026 17:28:46,09/07/2026 17:28:46,87,52.48,16.57,24.05
87,7,False,09/07/2026 17:28:46,09/07/2026 17:28:46,87,52.48,16.57,24.05
87,8,False,09/07/2026 17:28:46,09/07/2026 17:28:46,87,52.48,16.57,24.05
87,9,False,09/07/2026 17:28:46,09/07/2026 17:28:46,87,52.48,16.57,24.05
87,10,False,09/07/2026 17:28:46,09/07/2026 17:28:47,87,52.48,16.57,24.05
87,11,False,09/07/2026 17:28:46,09/07/2026 17:28:47,87,52.48,16.57,24.05
87,12,False,09/07/2026 17:28:47,09/07/2026 17:28:47,87,52.48,16.57,24.05
87,13,True,09/07/2026 17:28:47,12/31/9999 23:59:59,87,52.48,16.57,24.05
88,0,False,09/07/2026 17:28:45,09/07/2026 17:28:45,88,49.50,15.07,-3.93
88,1,False,09/07/2026 17:28:45,09/07/2026 17:28:45,88,49.50,15.07,-3.93
88,2,False,09/07/2026 17:28:45,09/07/2026 17:28:45,88,49.50,15.07,-3.93
88,3,False,09/07/2026 17:28:45,09/07/2026 17:28:45,88,49.50,15.07,-3.93
88,4,False,09/07/2026 17:28:45,09/07/2026 17:28:46,88,49.50,15.07,-3.93
88,5,False,09/07/2026 17:28:46,09/07/2026 17:28:46,88,49.50,15.07,-3.93
88,6,False,09/07/2026 17:28:46,09/07/2026 17:28:46,88,49.50,15.07,-3.93
88,7,False,09/07/2026 17:28:46,09/07/2026 17:28:46,88,49.50,15.07,-3.93
88,8,False,09/07/2026 17:28:46,09/07/2026 17:28:46,88,49.50,15.07,-3.93
88,9,False,09/07/2026 17:28:46,09/07/2026 17:28:46,88,49.50,15.07,-3.93
88,10,False,09/07/2026 17:28:46,09/07/2026 17:28:46,88,49.50,15.07,-3.93
88,11,False,09/07/2026 17:28:46,09/07/2026 17:28:46,88,49.50,15.07,-3.93
88,12,False,09/07/2026 17:28:46,09/07/2026 17:28:46,88,49.50,15.07,-3.93
88,13,False,09/07/2026 17:28:46,09/07/2026 17:28:47,88,49.50,15.07,-3.93
88,14,False,09/07/2026 17:28:46,09/07/2026 17:28:47,88,49.50,15.07,-3.93
88,15,False,09/07/2026 17:28:47,09/07/2026 17:28:47,88,49.50,15.07,-3.93
88,16,True,09/07/2026 17:28:47,12/31/9999 23:59:59,88,49.50,15.07,-3.93
89,0,False,09/07/2026 17:28:46,09/07/2026 17:28:46,89,52.27,19.21,4.61
89,1,False,09/07/2026 17:28:46,09/07/2026 17:28:46,89,52.27,19.21,4.61
89,2,False,09/07/2026 17:28:46,09/07/2026 17:28:46,89,52.27,19.21,4.61
89,3,False,09/07/2026 17:28:46,09/07/2026 17:28:46,89,52.27,19.21,4.61
89,4,False,09/07/2026 17:28:46,09/07/2026 17:28:46,89,52.27,19.21,4.61
89,5,False,09/07/2026 17:28:46,09/07/2026 17:28:46,89,52.27,19.21,4.61
89,6,False,09/07/2026 17:28:46,09/07/2026 17:28:46,89,52.27,19.21,4.61
89,7,False,09/07/2026 17:28:46,09/07/2026 17:28:46,89,52.27,19.21,4.61
89,8,False,09/07/2026 17:28:46,09/07/2026 17:28:46,89,52.27,19.21,4.61
89,9,False,09/07/2026 17:28:46,09/07/2026 17:28:46,89,52.27,19.21,4.61
89,10,False,09/07/2026 17:28:46,09/07/2026 17:28:46,89,52.27,19.21,4.61
89,11,False,09/07/2026 17:28:46,09/07/2026 17:28:47,89,52.27,19.21,4.61
89,12,False,09/07/2026 17:28:46,09/07/2026 17:28:47,89,52.27,19.21,4.61
89,13,False,09/07/2026 17:28:47,09/07/2026 17:28:47,89,52.27,19.21,4.61
89,14,True,09/07/2026 17:28:47,12/31/9999 23:59:59,89,52.27,19.21,4.61
90,0,False,09/07/2026 17:28:46,09/07/2026 17:28:46,90,49.15,20.56,10.78
90,1,False,09/07/2026 17:28:46,09/07/2026 17:28:46,90,49.15,20.56,10.78
90,2,False,09/07/2026 17:28:46,09/07/2026 17:28:46,90,49.15,20.56,10.78
90,3,False,09/07/2026 17:28:46,09/07/2026 17:28:46,90,49.15,20.56,10.78
90,4,False,09/07/2026 17:28:46,09/07/2026 17:28:46,90,49.15,20.56,10.78
90,5,False,09/07/2026 17:28:46,09/07/2026 17:28:46,90,49.15,20.56,10.78
90,6,False,09/07/2026 17:28:46,09/07/2026 17:28:46,90,49.15,20.56,10.78
90,7,False,09/07/2026 17:28:46,09/07/2026 17:28:46,90,49.15,20.56,10.78
90,8,False,09/07/2026 17:28:46,09/07/2026 17:28:46,90,49.15,20.56,10.78
90,9,False,09/07/2026 17:28:46,09/07/2026 17:28:46,90,49.15,20.56,10.78
90,10,False,09/07/2026 17:28:46,09/07/2026 17:28:46,90,49.15,20.56,10.78
90,11,False,09/07/2026 17:28:46,09/07/2026 17:28:46,90,49.15,20.56,10.78
90,12,False,09/07/2026 17:28:46,09/07/2026 17:28:46,90,49.15,20.56,10.78
90,13,False,09/07/2026 17:28:46,09/07/2026 17:28:46,90,49.15,20.56,10.78
90,14,False,09/07/2026 17:28:46,09/07/2026 17:28:46,90,49.15,20.56,10.78
90,15,False,09/07/2026 17:28:46,09/07/2026 17:28:47,90,49.15,20.56,10.78
90,16,False,09/07/2026 17:28:46,09/07/2026 17:28:47,90,49.15,20.56,10.78
90,17,False,09/07/2026 17:28:47,09/07/2026 17:28:48,90,49.15,20.56,10.78
90,18,True,09/07/2026 17:28:48,12/31/9999 23:59:59,90,49.15,20.56,10.78
91,0,False,09/07/2026 17:28:46,09/07/2026 17:28:46,91,51.41,20.21,1.98
91,1,False,09/07/2026 17:28:46,09/07/2026 17:28:46,91,51.41,20.21,1.98
91,2,False,09/07/2026 17:28:46,09/07/2026 17:28:46,91,51.41,20.21,1.98
91,3,False,09/07/2026 17:28:46,09/07/2026 17:28:46,91,51.41,20.21,1.98
91,4,False,09/07/2026 17:28:46,09/07/2026 17:28:46,91,51.41,20.21,1.98
91,5,False,09/07/2026 17:28:46,09/07/2026 17:28:46,91,51.41,20.21,1.98
91,6,False,09/07/2026 17:28:46,09/07/2026 17:28:46,91,51.41,20.21,1.98
91,7,False,09/07/2026 17:28:46,09/07/2026 17:28:46,91,51.41,20.21,1.98
91,8,False,09/07/2026 17:28:46,09/07/2026 17:28:46,91,51.41,20.21,1.98
91,9,False,09/07/2026 17:28:46,09/07/2026 17:28:47,91,51.41,20.21,1.98
91,10,False,09/07/2026 17:28:46,09/07/2026 17:28:48,91,51.41,20.21,1.98
91,11,False,09/07/2026 17:28:48,09/07/2026 17:28:48,91,51.41,20.21,1.98
91,12,True,09/07/2026 17:28:48,12/31/9999 23:59:59,91,51.41,20.21,1.98
92,0,False,09/07/2026 17:28:46,09/07/2026 17:28:46,92,49.39,17.10,10.37
92,1,False,09/07/2026 17:28:46,09/07/2026 17:28:46,92,49.39,17.10,10.37
92,2,False,09/07/2026 17:28:46,09/07/2026 17:28:46,92,49.39,17.10,10.37
92,3,False,09/07/2026 17:28:46,09/07/2026 17:28:46,92,49.39,17.10,10.37
92,4,False,09/07/2026 17:28:46,09/07/2026 17:28:46,92,49.39,17.10,10.37
92,5,False,09/07/2026 17:28:46,09/07/2026 17:28:47,92,49.39,17.10,10.37
92,6,False,09/07/2026 17:28:46,09/07/2026 17:28:48,92,49.39,17.10,10.37
92,7,False,09/07/2026 17:28:48,09/07/2026 17:28:48,92,49.39,17.10,10.37
92,8,True,09/07/2026 17:28:48,12/31/9999 23:59:59,92,49.39,17.10,10.37
93,0,False,09/07/2026 17:28:46,09/07/2026 17:28:46,93,53.01,22.47,-22.06
93,1,False,09/07/2026 17:28:46,09/07/2026 17:28:46,93,53.01,22.47,-22.06
93,2,False,09/07/2026 17:28:46,09/07/2026 17:28:46,93,53.01,22.47,-22.06
93,3,False,09/07/2026 17:28:46,09/07/2026 17:28:46,93,53.01,22.47,-22.06
93,4,False,09/07/2026 17:28:46,09/07/2026 17:28:46,93,53.01,22.47,-22.06
93,5,False,09/07/2026 17:28:46,09/07/2026 17:28:46,93,53.01,22.47,-22.06
93,6,False,09/07/2026 17:28:46,09/07/2026 17:28:46,93,53.01,22.47,-22.06
93,7,False,09/07/2026 17:28:46,09/07/2026 17:28:46,93,53.01,22.47,-22.06
93,8,False,09/07/2026 17:28:46,09/07/2026 17:28:46,93,53.01,22.47,-22.06
93,9,False,09/07/2026 17:28:46,09/07/2026 17:28:47,93,53.01,22.47,-22.06
93,10,False,09/07/2026 17:28:46,09/07/2026 17:28:48,93,53.01,22.47,-22.06
93,11,False,09/07/2026 17:28:48,09/07/2026 17:28:48,93,53.01,22.47,-22.06
93,12,True,09/07/2026 17:28:48,12/31/9999 23:59:59,93,53.01,22.47,-22.06
94,0,False,09/07/2026 17:28:46,09/07/2026 17:28:46,94,54.49,19.57,13.47
94,1,False,09/07/2026 17:28:46,09/07/2026 17:28:46,94,54.49,19.57,13.47
94,2,False,09/07/2026 17:28:46,09/07/2026 17:28:46,94,54.49,19.57,13.47
94,3,False,09/07/2026 17:28:46,09/07/2026 17:28:46,94,54.49,19.57,13.47
94,4,False,09/07/2026 17:28:46,09/07/2026 17:28:46,94,54.49,19.57,13.47
94,5,False,09/07/2026 17:28:46,09/07/2026 17:28:46,94,54.49,19.57,13.47
94,6,False,09/07/2026 17:28:46,09/07/2026 17:28:46,94,54.49,19.57,13.47
94,7,False,09/07/2026 17:28:46,09/07/2026 17:28:46,94,54.49,19.57,13.47
94,8,False,09/07/2026 17:28:46,09/07/2026 17:28:47,94,54.49,19.57,13.47
94,9,False,09/07/2026 17:28:46,09/07/2026 17:28:48,94,54.49,19.57,13.47
94,10,False,09/07/2026 17:28:48,09/07/2026 17:28:48,94,54.49,19.57,13.47
94,11,True,09/07/2026 17:28:48,12/31/9999 23:59:59,94,54.49,19.57,13.47
95,0,False,09/07/2026 17:28:46,09/07/2026 17:28:46,95,53.22,23.42,-1.86
95,1,False,09/07/2026 17:28:46,09/07/2026 17:28:46,95,53.22,23.42,-1.86
95,2,False,09/07/2026 17:28:46,09/07/2026 17:28:46,95,53.22,23.42,-1.86
95,3,False,09/07/2026 17:28:46,09/07/2026 17:28:46,95,53.22,23.42,-1.86
95,4,False,09/07/2026 17:28:46,09/07/2026 17:28:47,95,53.22,23.42,-1.86
95,5,False,09/07/2026 17:28:46,09/07/2026 17:28:48,95,53.22,23.42,-1.86
95,6,False,09/07/2026 17:28:48,09/07/2026 17:28:48,95,53.22,23.42,-1.86
95,7,True,09/07/2026 17:28:48,12/31/9999 23:59:59,95,53.22,23.42,-1.86
96,0,False,09/07/2026 17:28:46,09/07/2026 17:28:46,96,54.38,21.11,7.72
96,1,False,09/07/2026 17:28:46,09/07/2026 17:28:46,96,54.38,21.11,7.72
96,2,False,09/07/2026 17:28:46,09/07/2026 17:28:46,96,54.38,21.11,7.72
96,3,False,09/07/2026 17:28:46,09/07/2026 17:28:46,96,54.38,21.11,7.72
96,4,False,09/07/2026 17:28:46,09/07/2026 17:28:46,96,54.38,21.11,7.72
96,5,False,09/07/2026 17:28:46,09/07/2026 17:28:46,96,54.38,21.11,7.72
96,6,False,09/07/2026 17:28:46,09/07/2026 17:28:46,96,54.38,21.11,7.72
96,7,False,09/07/2026 17:28:46,09/07/2026 17:28:47,96,54.38,21.11,7.72
96,8,False,09/07/2026 17:28:46,09/07/2026 17:28:48,96,54.38,21.11,7.72
96,9,False,09/07/2026 17:28:48,09/07/2026 17:28:48,96,54.38,21.11,7.72
96,10,False,09/07/2026 17:28:48,09/07/2026 17:28:48,96,54.38,21.11,7.72
96,11,True,09/07/2026 17:28:48,12/31/9999 23:59:59,96,54.38,21.11,7.72
97,0,False,09/07/2026 17:28:46,09/07/2026 17:28:46,97,51.27,22.08,5.71
97,1,False,09/07/2026 17:28:46,09/07/2026 17:28:46,97,51.27,22.08,5.71
97,2,False,09/07/2026 17:28:46,09/07/2026 17:28:46,97,51.27,22.08,5.71
97,3,False,09/07/2026 17:28:46,09/07/2026 17:28:48,97,51.27,22.08,5.71
97,4,False,09/07/2026 17:28:48,09/07/2026 17:28:48,97,51.27,22.08,5.71
97,5,False,09/07/2026 17:28:48,09/07/2026 17:28:48,97,51.27,22.08,5.71
97,6,True,09/07/2026 17:28:48,12/31/9999 23:59:59,97,51.27,22.08,5.71
98,0,False,09/07/2026 17:28:48,09/07/2026 17:28:48,98,53.33,17.09,0.37
98,1,False,09/07/2026 17:28:48,09/07/2026 17:28:48,98,53.33,17.09,0.37
98,2,False,09/07/2026 17:28:48,09/07/2026 17:28:48,98,53.33,17.09,0.37
98,3,False,09/07/2026 17:28:48,09/07/2026 17:28:48,98,53.33,17.09,0.37
98,4,False,09/07/2026 17:28:48,09/07/2026 17:28:48,98,53.33,17.09,0.37
98,5,False,09/07/2026 17:28:48,09/07/2026 17:28:48,98,53.33,17.09,0.37
98,6,False,09/07/2026 17:28:48,09/07/2026 17:28:48,98,53.33,17.09,0.37
98,7,False,09/07/2026 17:28:48,09/07/2026 17:28:48,98,53.33,17.09,0.37
98,8,False,09/07/2026 17:28:48,09/07/2026 17:28:48,98,53.33,17.09,0.37
98,9,True,09/07/2026 17:28:48,12/31/9999 23:59:59,98,53.33,17.09,0.37
99,0,False,09/07/2026 17:28:48,09/07/2026 17:28:48,99,49.19,20.43,0.20
99,1,False,09/07/2026 17:28:48,09/07/2026 17:28:48,99,49.19,20.43,0.20
99,2,True,09/07/2026 17:28:48,12/31/9999 23:59:59,99,49.19,20.43,0.20
